Fund Name:,SPDR® S&P 500® ETF Trust,,,,,,,,,,
Ticker Symbol:,SPY,,,,,,,,,,
Holdings:,As of 16-Jan-2025,,,,,,,,,,
,,,,,,,,,,,
Name,Ticker,Identifier,SEDOL,Weight,Sector,Shares Held,Local Currency,,,,
APPLE INC,AAPL,037833100,2046251,6.857825,-,187323849.000,USD,,,,
NVIDIA CORP,NVDA,67066G104,2379504,6.512247,-,303989387.000,USD,,,,
MICROSOFT CORP,MSFT,594918104,2588173,6.274193,-,92137160.000,USD,,,,
AMAZON.COM INC,AMZN,023135106,2000019,4.104375,-,115973786.000,USD,,,,
META PLATFORMS INC CLASS A,META,30303M102,B7TL820,2.648706,-,27015672.000,USD,,,,
TESLA INC,TSLA,88160R101,B616C79,2.297051,-,34609519.000,USD,,,,
ALPHABET INC CL A,GOOGL,02079K305,BYVY8G0,2.240350,-,72409848.000,USD,,,,
BROADCOM INC,AVGO,11135F101,BDZ78H9,2.129642,-,57880303.000,USD,,,,
ALPHABET INC CL C,GOOG,02079K107,BYY88Y7,1.838991,-,58979003.000,USD,,,,
BERKSHIRE HATHAWAY INC CL B,BRK.B,084670702,2073390,1.686071,-,22714834.000,USD,,,,
JPMORGAN CHASE + CO,JPM,46625H100,2190385,1.422822,-,34889278.000,USD,,,,
ELI LILLY + CO,LLY,532457108,2516152,1.186433,-,9764270.000,USD,,,,
VISA INC CLASS A SHARES,V,92826C839,B2PZN04,1.089662,-,21415421.000,USD,,,,
EXXON MOBIL CORP,XOM,30231G102,2326618,0.972445,-,54466364.000,USD,,,,
UNITEDHEALTH GROUP INC,UNH,91324P102,2917766,0.933930,-,11404556.000,USD,,,,
MASTERCARD INC   A,MA,57636Q104,B121557,0.852298,-,10158045.000,USD,,,,
COSTCO WHOLESALE CORP,COST,22160K105,2701271,0.809994,-,5490962.000,USD,,,,
HOME DEPOT INC,HD,437076102,2434209,0.808112,-,12309334.000,USD,,,,
WALMART INC,WMT,931142103,2936921,0.787681,-,53791797.000,USD,,,,
PROCTER + GAMBLE CO/THE,PG,742718109,2704407,0.751270,-,29184843.000,USD,,,,
NETFLIX INC,NFLX,64110L106,2857817,0.715653,-,5297073.000,USD,,,,
JOHNSON + JOHNSON,JNJ,478160104,2475833,0.707129,-,29836583.000,USD,,,,
BANK OF AMERICA CORP,BAC,060505104,2295677,0.618813,-,82725117.000,USD,,,,
ABBVIE INC,ABBV,00287Y109,B92SR70,0.610086,-,21899179.000,USD,,,,
SALESFORCE INC,CRM,79466L302,2310525,0.608031,-,11847110.000,USD,,,,
CHEVRON CORP,CVX,166764100,2838555,0.529433,-,20711583.000,USD,,,,
ORACLE CORP,ORCL,68389X105,2661568,0.509641,-,19917332.000,USD,,,,
MERCK + CO. INC.,MRK,58933Y105,2778844,0.506306,-,31348737.000,USD,,,,
WELLS FARGO + CO,WFC,949746101,2649100,0.502607,-,41260770.000,USD,,,,
COCA COLA CO/THE,KO,191216100,2206657,0.479689,-,48045992.000,USD,,,,
CISCO SYSTEMS INC,CSCO,17275R102,2198163,0.473928,-,49397259.000,USD,,,,
ACCENTURE PLC CL A,ACN,G1151C101,B4BNMY3,0.435395,-,7743861.000,USD,,,,
SERVICENOW INC,NOW,81762P102,B80NXX8,0.432828,-,2552767.000,USD,,,,
THERMO FISHER SCIENTIFIC INC,TMO,883556102,2886907,0.427039,-,4740142.000,USD,,,,
INTUITIVE SURGICAL INC,ISRG,46120E602,2871301,0.413456,-,4413601.000,USD,,,,
LINDE PLC,LIN,G54950103,BNZHB81,0.409304,-,5900737.000,USD,,,,
INTL BUSINESS MACHINES CORP,IBM,459200101,2005973,0.409207,-,11458760.000,USD,,,,
PEPSICO INC,PEP,713448108,2681511,0.399605,-,17002424.000,USD,,,,
MCDONALD S CORP,MCD,580135101,2550707,0.398457,-,8881022.000,USD,,,,
ABBOTT LABORATORIES,ABT,002824100,2002305,0.392689,-,21494279.000,USD,,,,
GENERAL ELECTRIC,GE,369604301,BL59CR9,0.386655,-,13412686.000,USD,,,,
WALT DISNEY CO/THE,DIS,254687106,2270726,0.383189,-,22442086.000,USD,,,,
GOLDMAN SACHS GROUP INC,GS,38141G104,2407966,0.382477,-,3890350.000,USD,,,,
ADVANCED MICRO DEVICES,AMD,007903107,2007849,0.382028,-,20110987.000,USD,,,,
ADOBE INC,ADBE,00724F101,2008154,0.373540,-,5455285.000,USD,,,,
US DOLLAR,-,999USDZ92,-,0.373408,-,2328199674.700,USD,,,,
PHILIP MORRIS INTERNATIONAL,PM,718172109,B2PKRQ3,0.370229,-,19268593.000,USD,,,,
CATERPILLAR INC,CAT,149123101,2180201,0.365181,-,5983186.000,USD,,,,
QUALCOMM INC,QCOM,747525103,2714923,0.356463,-,13767856.000,USD,,,,
AMERICAN EXPRESS CO,AXP,025816109,2026082,0.344524,-,6896457.000,USD,,,,
TEXAS INSTRUMENTS INC,TXN,882508104,2885409,0.339729,-,11304962.000,USD,,,,
INTUIT INC,INTU,461202103,2459020,0.338320,-,3473622.000,USD,,,,
MORGAN STANLEY,MS,617446448,2262314,0.334855,-,15373083.000,USD,,,,
VERIZON COMMUNICATIONS INC,VZ,92343V104,2090571,0.320789,-,52168028.000,USD,,,,
BOOKING HOLDINGS INC,BKNG,09857L108,BDRXDB4,0.319849,-,409919.000,USD,,,,
S+P GLOBAL INC,SPGI,78409V104,BYV2325,0.318795,-,3934766.000,USD,,,,
RTX CORP,RTX,75513E101,BM5M5Y3,0.318677,-,16494712.000,USD,,,,
AT+T INC,T,00206R102,2831811,0.314037,-,88919984.000,USD,,,,
DANAHER CORP,DHR,235851102,2250870,0.309067,-,7966238.000,USD,,,,
APPLIED MATERIALS INC,AMAT,038222105,2046552,0.305563,-,10216560.000,USD,,,,
PFIZER INC,PFE,717081103,2684703,0.298372,-,70228369.000,USD,,,,
CITIGROUP INC,C,172967424,2297907,0.295119,-,23437368.000,USD,,,,
LOWE S COS INC,LOW,548661107,2536763,0.291791,-,7030361.000,USD,,,,
NEXTERA ENERGY INC,NEE,65339F101,2328915,0.291712,-,25484395.000,USD,,,,
BLACKROCK INC,BLK,09290D101,BMZBBT7,0.288159,-,1804392.000,USD,,,,
AMGEN INC,AMGN,031162100,2023607,0.287853,-,6661326.000,USD,,,,
HONEYWELL INTERNATIONAL INC,HON,438516106,2020459,0.287801,-,8058023.000,USD,,,,
BOSTON SCIENTIFIC CORP,BSX,101137107,2113434,0.287575,-,18264538.000,USD,,,,
UBER TECHNOLOGIES INC,UBER,90353T100,BK6N347,0.286779,-,26072739.000,USD,,,,
PROGRESSIVE CORP,PGR,743315103,2705024,0.285902,-,7259904.000,USD,,,,
UNION PACIFIC CORP,UNP,907818108,2914734,0.283046,-,7513262.000,USD,,,,
PALANTIR TECHNOLOGIES INC A,PLTR,69608A108,BN78DQ4,0.282098,-,25402710.000,USD,,,,
COMCAST CORP CLASS A,CMCSA,20030N101,2044545,0.275475,-,47303446.000,USD,,,,
TJX COMPANIES INC,TJX,872540109,2989301,0.272099,-,13977080.000,USD,,,,
CONOCOPHILLIPS,COP,20825C104,2685717,0.271530,-,16030568.000,USD,,,,
EATON CORP PLC,ETN,G29183103,B8KQN82,0.271130,-,4897288.000,USD,,,,
STRYKER CORP,SYK,863667101,2853688,0.260356,-,4251871.000,USD,,,,
BLACKSTONE INC,BX,09260D107,BKF2SL7,0.253604,-,8947593.000,USD,,,,
BOEING CO/THE,BA,097023105,2108601,0.251011,-,9264527.000,USD,,,,
ARISTA NETWORKS INC,ANET,040413205,BL9XPM3,0.242547,-,12801822.000,USD,,,,
AUTOMATIC DATA PROCESSING,ADP,053015103,2065308,0.239911,-,5049611.000,USD,,,,
FISERV INC,FI,337738108,2342034,0.233240,-,7050568.000,USD,,,,
PALO ALTO NETWORKS INC,PANW,697435105,B87ZMX0,0.230476,-,8110942.000,USD,,,,
BRISTOL MYERS SQUIBB CO,BMY,110122108,2126335,0.227277,-,25134312.000,USD,,,,
GILEAD SCIENCES INC,GILD,375558103,2369174,0.227011,-,15443684.000,USD,,,,
MICRON TECHNOLOGY INC,MU,595112103,2588184,0.226100,-,13740111.000,USD,,,,
SCHWAB (CHARLES) CORP,SCHW,808513105,2779397,0.224422,-,18530977.000,USD,,,,
MEDTRONIC PLC,MDT,G5960L103,BTN1Y11,0.222169,-,15892875.000,USD,,,,
DEERE + CO,DE,244199105,2261203,0.222085,-,3153421.000,USD,,,,
GE VERNOVA INC,GEV,36828A101,BP6H4Y1,0.214215,-,3415941.000,USD,,,,
VERTEX PHARMACEUTICALS INC,VRTX,92532F100,2931034,0.213408,-,3191192.000,USD,,,,
STARBUCKS CORP,SBUX,855244109,2842255,0.212745,-,14047061.000,USD,,,,
ANALOG DEVICES INC,ADI,032654105,2032067,0.212184,-,6152774.000,USD,,,,
MARSH + MCLENNAN COS,MMC,571748102,2567741,0.211133,-,6086343.000,USD,,,,
T MOBILE US INC,TMUS,872590104,B94Q9V0,0.209015,-,6040369.000,USD,,,,
KKR + CO INC,KKR,48251W104,BG1FRR1,0.205444,-,8359068.000,USD,,,,
PROLOGIS INC,PLD,74340W103,B44WZD7,0.204207,-,11477796.000,USD,,,,
LOCKHEED MARTIN CORP,LMT,539830109,2522096,0.204139,-,2614322.000,USD,,,,
CHUBB LTD,CB,H1467J104,B3BQMF6,0.203788,-,4645260.000,USD,,,,
LAM RESEARCH CORP,LRCX,512807306,BSML4N7,0.202598,-,15945442.000,USD,,,,
KLA CORP,KLAC,482480100,2480138,0.198685,-,1657788.000,USD,,,,
CONSTELLATION ENERGY,CEG,21037T109,BMH4FS1,0.195880,-,3874231.000,USD,,,,
UNITED PARCEL SERVICE CL B,UPS,911312106,2517382,0.188887,-,9063490.000,USD,,,,
SOUTHERN CO/THE,SO,842587107,2829601,0.182689,-,13578057.000,USD,,,,
ELEVANCE HEALTH INC,ELV,036752103,BSPHGL4,0.177536,-,2873228.000,USD,,,,
PAYPAL HOLDINGS INC,PYPL,70450Y103,BYW36M8,0.177187,-,12424220.000,USD,,,,
AMERICAN TOWER CORP,AMT,03027X100,B7FBFL2,0.176459,-,5788504.000,USD,,,,
EQUINIX INC,EQIX,29444U700,BVLZX12,0.176429,-,1195831.000,USD,,,,
TRANE TECHNOLOGIES PLC,TT,G8994E103,BK9ZQ96,0.173908,-,2788451.000,USD,,,,
ALTRIA GROUP INC,MO,02209S103,2692632,0.172337,-,21003179.000,USD,,,,
INTERCONTINENTAL EXCHANGE IN,ICE,45866F104,BFSSDS9,0.171434,-,7115020.000,USD,,,,
INTEL CORP,INTC,458140100,2463247,0.168620,-,53449258.000,USD,,,,
PARKER HANNIFIN CORP,PH,701094104,2671501,0.168530,-,1595333.000,USD,,,,
NIKE INC  CL B,NKE,654106103,2640147,0.168273,-,14754379.000,USD,,,,
CROWDSTRIKE HOLDINGS INC   A,CRWD,22788C105,BJJP138,0.168081,-,2883988.000,USD,,,,
DUKE ENERGY CORP,DUK,26441C204,B7VD3F2,0.167334,-,9566559.000,USD,,,,
AMPHENOL CORP CL A,APH,032095101,2145084,0.167212,-,14923649.000,USD,,,,
CME GROUP INC,CME,12572Q105,2965839,0.166248,-,4461950.000,USD,,,,
SHERWIN WILLIAMS CO/THE,SHW,824348106,2804211,0.163099,-,2871288.000,USD,,,,
CADENCE DESIGN SYS INC,CDNS,127387108,2302232,0.162927,-,3398625.000,USD,,,,
AON PLC CLASS A,AON,G0403H108,BLP1HW5,0.158222,-,2679951.000,USD,,,,
CHIPOTLE MEXICAN GRILL INC,CMG,169656105,B0X7DZ3,0.158052,-,16885835.000,USD,,,,
SYNOPSYS INC,SNPS,871607107,2867719,0.157470,-,1903462.000,USD,,,,
THE CIGNA GROUP,CI,125523100,BHJ0775,0.155344,-,3447244.000,USD,,,,
PNC FINANCIAL SERVICES GROUP,PNC,693475105,2692665,0.154991,-,4916921.000,USD,,,,
MONDELEZ INTERNATIONAL INC A,MDLZ,609207105,B8CKK03,0.153983,-,16553157.000,USD,,,,
MOTOROLA SOLUTIONS INC,MSI,620076307,B5BKPQ4,0.153680,-,2070879.000,USD,,,,
EOG RESOURCES INC,EOG,26875P101,2318024,0.153240,-,6970284.000,USD,,,,
WASTE MANAGEMENT INC,WM,94106L109,2937667,0.153142,-,4525087.000,USD,,,,
ZOETIS INC,ZTS,98978V103,B95WG16,0.151874,-,5590911.000,USD,,,,
WELLTOWER INC,WELL,95040Q104,BYVYHH4,0.151356,-,7330892.000,USD,,,,
3M CO,MMM,88579Y101,2595708,0.150639,-,6748328.000,USD,,,,
MCKESSON CORP,MCK,58155Q103,2378534,0.150188,-,1573316.000,USD,,,,
US BANCORP,USB,902973304,2736035,0.148943,-,19335003.000,USD,,,,
MOODY S CORP,MCO,615369105,2252058,0.148375,-,1931358.000,USD,,,,
TRANSDIGM GROUP INC,TDG,893641100,B11FJK3,0.147744,-,696798.000,USD,,,,
APOLLO GLOBAL MANAGEMENT INC,APO,03769M106,BN44JF6,0.147412,-,5539492.000,USD,,,,
ARTHUR J GALLAGHER + CO,AJG,363576109,2359506,0.146896,-,3096444.000,USD,,,,
REGENERON PHARMACEUTICALS,REGN,75886F107,2730190,0.145049,-,1304585.000,USD,,,,
COLGATE PALMOLIVE CO,CL,194162103,2209106,0.143795,-,10123761.000,USD,,,,
WILLIAMS COS INC,WMB,969457100,2967181,0.143330,-,15100798.000,USD,,,,
CAPITAL ONE FINANCIAL CORP,COF,14040H105,2654461,0.142959,-,4730156.000,USD,,,,
EMERSON ELECTRIC CO,EMR,291011104,2313405,0.139724,-,7066081.000,USD,,,,
O REILLY AUTOMOTIVE INC,ORLY,67103H107,B65LWX6,0.138246,-,715489.000,USD,,,,
AIR PRODUCTS + CHEMICALS INC,APD,009158106,2011602,0.137855,-,2754354.000,USD,,,,
GENERAL DYNAMICS CORP,GD,369550108,2365161,0.137022,-,3194843.000,USD,,,,
ILLINOIS TOOL WORKS,ITW,452308109,2457552,0.136694,-,3330151.000,USD,,,,
BECTON DICKINSON AND CO,BDX,075887109,2087807,0.135688,-,3580270.000,USD,,,,
CINTAS CORP,CTAS,172908105,2197137,0.134838,-,4244953.000,USD,,,,
NORTHROP GRUMMAN CORP,NOC,666807102,2648806,0.130998,-,1697407.000,USD,,,,
CVS HEALTH CORP,CVS,126650100,2577609,0.129876,-,15584606.000,USD,,,,
MARRIOTT INTERNATIONAL  CL A,MAR,571903202,2210614,0.126537,-,2858546.000,USD,,,,
CSX CORP,CSX,126408103,2160753,0.126370,-,23897952.000,USD,,,,
ONEOK INC,OKE,682680103,2130109,0.126094,-,7235383.000,USD,,,,
AUTODESK INC,ADSK,052769106,2065159,0.123951,-,2664209.000,USD,,,,
FEDEX CORP,FDX,31428X106,2142784,0.123915,-,2785484.000,USD,,,,
TARGET CORP,TGT,87612E106,2259101,0.122008,-,5708953.000,USD,,,,
ECOLAB INC,ECL,278865100,2304227,0.119787,-,3123019.000,USD,,,,
HILTON WORLDWIDE HOLDINGS IN,HLT,43300A203,BYVMW06,0.119503,-,3020887.000,USD,,,,
FORTINET INC,FTNT,34959E109,B5B2106,0.118916,-,7883494.000,USD,,,,
BANK OF NEW YORK MELLON CORP,BK,064058100,B1Z77F6,0.118863,-,9010492.000,USD,,,,
TRUIST FINANCIAL CORP,TFC,89832Q109,BKP7287,0.118682,-,16451419.000,USD,,,,
VISTRA CORP,VST,92840M102,BZ8VJQ8,0.117663,-,4216257.000,USD,,,,
CARRIER GLOBAL CORP,CARR,14448C104,BK4N0D7,0.115663,-,10340661.000,USD,,,,
KINDER MORGAN INC,KMI,49456B101,B3NQ4P8,0.115480,-,23952704.000,USD,,,,
SCHLUMBERGER LTD,SLB,806857108,2779201,0.115332,-,17500495.000,USD,,,,
ROYAL CARIBBEAN CRUISES LTD,RCL,V7780T103,2754907,0.114684,-,3065229.000,USD,,,,
FREEPORT MCMORAN INC,FCX,35671D857,2352118,0.114258,-,17796694.000,USD,,,,
PACCAR INC,PCAR,693718108,2665861,0.113996,-,6492203.000,USD,,,,
AIRBNB INC CLASS A,ABNB,009066101,BMGYYH4,0.113711,-,5364622.000,USD,,,,
GENERAL MOTORS CO,GM,37045V100,B665KZ5,0.113299,-,13626960.000,USD,,,,
HCA HEALTHCARE INC,HCA,40412C101,B4MGBG6,0.112161,-,2259972.000,USD,,,,
DIGITAL REALTY TRUST INC,DLR,253868103,B03GQS4,0.111610,-,3863895.000,USD,,,,
NORFOLK SOUTHERN CORP,NSC,655844108,2641894,0.111116,-,2803640.000,USD,,,,
ROPER TECHNOLOGIES INC,ROP,776696106,2749602,0.110631,-,1328805.000,USD,,,,
TRAVELERS COS INC/THE,TRV,89417E109,2769503,0.109372,-,2813620.000,USD,,,,
AUTOZONE INC,AZO,053332102,2065955,0.107345,-,209551.000,USD,,,,
JOHNSON CONTROLS INTERNATION,JCI,G51502105,BY7QL61,0.106830,-,8278448.000,USD,,,,
NXP SEMICONDUCTORS NV,NXPI,N6596X109,B505PN7,0.106459,-,3149419.000,USD,,,,
WORKDAY INC CLASS A,WDAY,98138H101,B8K6ZD1,0.106130,-,2639500.000,USD,,,,
SEMPRA,SRE,816851109,2138158,0.105633,-,7841701.000,USD,,,,
AMERIPRISE FINANCIAL INC,AMP,03076C106,B0J7D57,0.105365,-,1202262.000,USD,,,,
AFLAC INC,AFL,001055102,2026361,0.105267,-,6195971.000,USD,,,,
SIMON PROPERTY GROUP INC,SPG,828806109,2812452,0.105129,-,3795243.000,USD,,,,
AMERICAN ELECTRIC POWER,AEP,025537101,2026242,0.102483,-,6599684.000,USD,,,,
ALLSTATE CORP,ALL,020002101,2019952,0.100582,-,3281664.000,USD,,,,
CUMMINS INC,CMI,231021106,2240202,0.099895,-,1700235.000,USD,,,,
HOWMET AEROSPACE INC,HWM,443201108,BKLJ8V2,0.099304,-,5034665.000,USD,,,,
METLIFE INC,MET,59156R108,2573209,0.099291,-,7207816.000,USD,,,,
UNITED RENTALS INC,URI,911363109,2134781,0.098818,-,813463.000,USD,,,,
QUANTA SERVICES INC,PWR,74762E102,2150204,0.098693,-,1830368.000,USD,,,,
COPART INC,CPRT,217204106,2208073,0.098276,-,10864340.000,USD,,,,
ROSS STORES INC,ROST,778296103,2746711,0.098250,-,4111330.000,USD,,,,
PHILLIPS 66,PSX,718546104,B78C4Y8,0.098199,-,5118057.000,USD,,,,
WW GRAINGER INC,GWW,384802104,2380863,0.097802,-,549190.000,USD,,,,
MARATHON PETROLEUM CORP,MPC,56585A102,B3K3L40,0.096903,-,3982788.000,USD,,,,
FAIR ISAAC CORP,FICO,303250104,2330299,0.095284,-,301621.000,USD,,,,
MSCI INC,MSCI,55354G100,B2972D2,0.095010,-,971176.000,USD,,,,
REALTY INCOME CORP,O,756109104,2724193,0.094705,-,10818772.000,USD,,,,
NEWMONT CORP,NEM,651639106,2636607,0.094245,-,14108496.000,USD,,,,
PAYCHEX INC,PAYX,704326107,2674458,0.093478,-,3969207.000,USD,,,,
PUBLIC STORAGE,PSA,74460D109,2852533,0.093256,-,1953145.000,USD,,,,
AMERICAN INTERNATIONAL GROUP,AIG,026874784,2027342,0.092502,-,7730159.000,USD,,,,
DISCOVER FINANCIAL SERVICES,DFS,254709108,B1YLC43,0.092343,-,3111552.000,USD,,,,
TARGA RESOURCES CORP,TRGP,87612G101,B55PZY3,0.092290,-,2702189.000,USD,,,,
DOMINION ENERGY INC,D,25746U109,2542049,0.091927,-,10409863.000,USD,,,,
BAKER HUGHES CO,BKR,05722G100,BDHLTQ5,0.091120,-,12262730.000,USD,,,,
VALERO ENERGY CORP,VLO,91913Y100,2041364,0.087695,-,3923212.000,USD,,,,
PUBLIC SERVICE ENTERPRISE GP,PEG,744573106,2707677,0.087618,-,6174262.000,USD,,,,
REPUBLIC SERVICES INC,RSG,760759100,2262530,0.085742,-,2522647.000,USD,,,,
TE CONNECTIVITY PLC,TEL,G87052109,BRC3N84,0.085441,-,3707449.000,USD,,,,
FASTENAL CO,FAST,311900104,2332262,0.085137,-,7099531.000,USD,,,,
DR HORTON INC,DHI,23331A109,2250687,0.084979,-,3614226.000,USD,,,,
AXON ENTERPRISE INC,AXON,05464C101,BDT5S35,0.084371,-,897944.000,USD,,,,
DELTA AIR LINES INC,DAL,247361702,B1W9D46,0.084331,-,7945035.000,USD,,,,
FIDELITY NATIONAL INFO SERV,FIS,31620M106,2769796,0.084223,-,6671734.000,USD,,,,
CORTEVA INC,CTVA,22052L104,BK73B42,0.084188,-,8517149.000,USD,,,,
KIMBERLY CLARK CORP,KMB,494368103,2491839,0.083946,-,4132656.000,USD,,,,
PRUDENTIAL FINANCIAL INC,PRU,744320102,2819118,0.083774,-,4411567.000,USD,,,,
CENCORA INC,COR,03073E105,2795393,0.083730,-,2167196.000,USD,,,,
LULULEMON ATHLETICA INC,LULU,550021109,B23FN39,0.083275,-,1399559.000,USD,,,,
AMETEK INC,AME,031100100,2089212,0.083148,-,2866476.000,USD,,,,
AGILENT TECHNOLOGIES INC,A,00846U101,2520153,0.082647,-,3560711.000,USD,,,,
L3HARRIS TECHNOLOGIES INC,LHX,502431109,BK9DTN5,0.082371,-,2350709.000,USD,,,,
HESS CORP,HES,42809H107,2023748,0.082259,-,3425390.000,USD,,,,
EDWARDS LIFESCIENCES CORP,EW,28176E108,2567116,0.081896,-,7309203.000,USD,,,,
KENVUE INC,KVUE,49177J102,BQ84ZQ6,0.080749,-,23759837.000,USD,,,,
CBRE GROUP INC   A,CBRE,12504L109,B6WVMH3,0.080561,-,3727631.000,USD,,,,
GARTNER INC,IT,366651107,2372763,0.078575,-,956754.000,USD,,,,
EXELON CORP,EXC,30161N101,2670519,0.078382,-,12422812.000,USD,,,,
CROWN CASTLE INC,CCI,22822V101,BTGQCX1,0.078306,-,5385998.000,USD,,,,
VERISK ANALYTICS INC,VRSK,92345Y106,B4P9W92,0.078155,-,1749905.000,USD,,,,
FORD MOTOR CO,F,345370860,2615468,0.077662,-,48373633.000,USD,,,,
KROGER CO,KR,501044101,2497406,0.077556,-,8249075.000,USD,,,,
GE HEALTHCARE TECHNOLOGY,GEHC,36266G107,BL6JPG8,0.077188,-,5661998.000,USD,,,,
COGNIZANT TECH SOLUTIONS A,CTSH,192446102,2257019,0.076309,-,6144701.000,USD,,,,
XCEL ENERGY INC,XEL,98389B100,2614807,0.075558,-,7116424.000,USD,,,,
CORNING INC,GLW,219350105,2224701,0.075415,-,9549430.000,USD,,,,
OTIS WORLDWIDE CORP,OTIS,68902V107,BK531S8,0.073997,-,4950319.000,USD,,,,
P G + E CORP,PCG,69331C108,2689560,0.073652,-,27092771.000,USD,,,,
INGERSOLL RAND INC,IR,45687V106,BL5GZ82,0.072692,-,4994344.000,USD,,,,
ARCH CAPITAL GROUP LTD,ACGL,G0450A105,2740542,0.071571,-,4643529.000,USD,,,,
SYSCO CORP,SYY,871829107,2868165,0.071488,-,6087530.000,USD,,,,
OLD DOMINION FREIGHT LINE,ODFL,679580100,2656423,0.070931,-,2328638.000,USD,,,,
VULCAN MATERIALS CO,VMC,929160109,2931205,0.070660,-,1636749.000,USD,,,,
OCCIDENTAL PETROLEUM CORP,OXY,674599105,2655408,0.070165,-,8364820.000,USD,,,,
YUM  BRANDS INC,YUM,988498101,2098876,0.070022,-,3458369.000,USD,,,,
KEURIG DR PEPPER INC,KDP,49271V100,BD3W133,0.069996,-,13952131.000,USD,,,,
IDEXX LABORATORIES INC,IDXX,45168D104,2459202,0.069753,-,1014681.000,USD,,,,
UNITED AIRLINES HOLDINGS INC,UAL,910047109,B4QG225,0.069357,-,4075377.000,USD,,,,
ENTERGY CORP,ETR,29364G103,2317087,0.069273,-,5311948.000,USD,,,,
RESMED INC,RMD,761152107,2732903,0.069182,-,1819032.000,USD,,,,
MONSTER BEVERAGE CORP,MNST,61174X109,BZ07BW4,0.069100,-,8677533.000,USD,,,,
WABTEC CORP,WAB,929740108,2955733,0.068105,-,2130090.000,USD,,,,
IQVIA HOLDINGS INC,IQV,46266C105,BDR73G1,0.067735,-,2136624.000,USD,,,,
DELL TECHNOLOGIES  C,DELL,24703L202,BHKD3S6,0.067226,-,3806695.000,USD,,,,
ELECTRONIC ARTS INC,EA,285512109,2310194,0.067071,-,2957479.000,USD,,,,
LENNAR CORP A,LEN,526057104,2511920,0.066774,-,2959241.000,USD,,,,
CHARTER COMMUNICATIONS INC A,CHTR,16119P108,BZ6VT82,0.066633,-,1198382.000,USD,,,,
DIAMONDBACK ENERGY INC,FANG,25278X109,B7Y8YR3,0.066531,-,2315874.000,USD,,,,
HUMANA INC,HUM,444859102,2445063,0.066010,-,1492289.000,USD,,,,
DEXCOM INC,DXCM,252131107,B0796X4,0.065866,-,4840582.000,USD,,,,
GARMIN LTD,GRMN,H2906T109,B3Z5T14,0.065507,-,1903608.000,USD,,,,
GENERAL MILLS INC,GIS,370334104,2367026,0.065281,-,6880087.000,USD,,,,
EQUIFAX INC,EFX,294429105,2319146,0.065144,-,1537140.000,USD,,,,
HARTFORD FINANCIAL SVCS GRP,HIG,416515104,2476193,0.064808,-,3592754.000,USD,,,,
M + T BANK CORP,MTB,55261F104,2340168,0.064676,-,2056384.000,USD,,,,
MARTIN MARIETTA MATERIALS,MLM,573284106,2572079,0.064535,-,757442.000,USD,,,,
WILLIS TOWERS WATSON PLC,WTW,G96629103,BDB6Q21,0.064484,-,1248156.000,USD,,,,
NASDAQ INC,NDAQ,631103108,2965107,0.064474,-,5128115.000,USD,,,,
IRON MOUNTAIN INC,IRM,46284V101,BVFTF03,0.064310,-,3636944.000,USD,,,,
EXTRA SPACE STORAGE INC,EXR,30225T102,B02HWR9,0.063879,-,2627223.000,USD,,,,
DUPONT DE NEMOURS INC,DD,26614N102,BK0VN47,0.063765,-,5186182.000,USD,,,,
EQT CORP,EQT,26884L109,2319414,0.063652,-,7379504.000,USD,,,,
CONSOLIDATED EDISON INC,ED,209115104,2216850,0.063544,-,4296245.000,USD,,,,
CENTENE CORP,CNC,15135B101,2807061,0.063087,-,6256554.000,USD,,,,
ROCKWELL AUTOMATION INC,ROK,773903109,2754060,0.063036,-,1398873.000,USD,,,,
DECKERS OUTDOOR CORP,DECK,243537107,2267278,0.062869,-,1882576.000,USD,,,,
HP INC,HPQ,40434L105,BYX4D52,0.061966,-,11942968.000,USD,,,,
EBAY INC,EBAY,278642103,2293819,0.061942,-,5936144.000,USD,,,,
WEC ENERGY GROUP INC,WEC,92939U106,BYY8XK8,0.061864,-,3920359.000,USD,,,,
AVALONBAY COMMUNITIES INC,AVB,053484101,2131179,0.061528,-,1760562.000,USD,,,,
VICI PROPERTIES INC,VICI,925652109,BYWH073,0.061349,-,13063865.000,USD,,,,
CARDINAL HEALTH INC,CAH,14149Y108,2175672,0.061100,-,2998987.000,USD,,,,
HEWLETT PACKARD ENTERPRISE,HPE,42824C109,BYVYWS0,0.060426,-,16093917.000,USD,,,,
MICROCHIP TECHNOLOGY INC,MCHP,595017104,2592174,0.059975,-,6655039.000,USD,,,,
RAYMOND JAMES FINANCIAL INC,RJF,754730109,2718992,0.059973,-,2267638.000,USD,,,,
ANSYS INC,ANSS,03662Q105,2045623,0.059854,-,1083538.000,USD,,,,
COSTAR GROUP INC,CSGP,22160N109,2262864,0.059824,-,5080358.000,USD,,,,
TAKE TWO INTERACTIVE SOFTWRE,TTWO,874054109,2122117,0.059553,-,2024924.000,USD,,,,
STATE STREET CORP,STT,857477103,2842040,0.058549,-,3632716.000,USD,,,,
MONOLITHIC POWER SYSTEMS INC,MPWR,609839105,B01Z7J1,0.057868,-,604707.000,USD,,,,
FIFTH THIRD BANCORP,FITB,316773100,2336747,0.057667,-,8309589.000,USD,,,,
NUCOR CORP,NUE,670346105,2651086,0.057572,-,2909859.000,USD,,,,
XYLEM INC,XYL,98419M100,B3P2CN8,0.057438,-,3010743.000,USD,,,,
CONSTELLATION BRANDS INC A,STZ,21036P108,2170473,0.057274,-,1934773.000,USD,,,,
KEYSIGHT TECHNOLOGIES IN,KEYS,49338L103,BQZJ0Q9,0.056939,-,2150578.000,USD,,,,
DOW INC,DOW,260557103,BHXCF84,0.056871,-,8676030.000,USD,,,,
TRACTOR SUPPLY COMPANY,TSCO,892356106,2900335,0.056835,-,6619916.000,USD,,,,
GODADDY INC   CLASS A,GDDY,380237107,BWFRFC6,0.056051,-,1739992.000,USD,,,,
GLOBAL PAYMENTS INC,GPN,37940X102,2712013,0.055189,-,3154006.000,USD,,,,
PPG INDUSTRIES INC,PPG,693506107,2698470,0.055145,-,2874828.000,USD,,,,
METTLER TOLEDO INTERNATIONAL,MTD,592688105,2126249,0.054392,-,261369.000,USD,,,,
FORTIVE CORP,FTV,34959J108,BYT3MK1,0.054270,-,4299523.000,USD,,,,
BROADRIDGE FINANCIAL SOLUTIO,BR,11133T103,B1VP7R6,0.053732,-,1450037.000,USD,,,,
DOVER CORP,DOV,260003108,2278407,0.053036,-,1700326.000,USD,,,,
SYNCHRONY FINANCIAL,SYF,87165B103,BP96PS6,0.052475,-,4824978.000,USD,,,,
TEXAS PACIFIC LAND CORP,TPL,88262P102,BM99VY2,0.052145,-,233400.000,USD,,,,
CHURCH + DWIGHT CO INC,CHD,171340102,2195841,0.051828,-,3040844.000,USD,,,,
CARNIVAL CORP,CCL,143658300,2523044,0.051718,-,12872719.000,USD,,,,
SMURFIT WESTROCK PLC,SW,G8267P108,BRK49M5,0.051337,-,6129603.000,USD,,,,
CORPAY INC,CPAY,219948106,BMX5GK7,0.051192,-,862651.000,USD,,,,
VERALTO CORP,VLTO,92338C103,BPGMZQ5,0.051141,-,3064506.000,USD,,,,
HALLIBURTON CO,HAL,406216101,2405302,0.051109,-,10887050.000,USD,,,,
NVR INC,NVR,62944T105,2637785,0.051013,-,38065.000,USD,,,,
KRAFT HEINZ CO/THE,KHC,500754106,BYRY499,0.050826,-,10938825.000,USD,,,,
DTE ENERGY COMPANY,DTE,233331107,2280220,0.050629,-,2566638.000,USD,,,,
DEVON ENERGY CORP,DVN,25179M103,2480677,0.050162,-,8140503.000,USD,,,,
BROWN + BROWN INC,BRO,115236101,2692687,0.049987,-,2941648.000,USD,,,,
AMEREN CORPORATION,AEE,023608102,2050832,0.049797,-,3307960.000,USD,,,,
CDW CORP/DE,CDW,12514G108,BBM5MD6,0.049734,-,1651278.000,USD,,,,
T ROWE PRICE GROUP INC,TROW,74144T108,2702337,0.049515,-,2753305.000,USD,,,,
AMERICAN WATER WORKS CO INC,AWK,030420103,B2R3PV1,0.048952,-,2415436.000,USD,,,,
TYLER TECHNOLOGIES INC,TYL,902252105,2909644,0.048906,-,529914.000,USD,,,,
NETAPP INC,NTAP,64110D104,2630643,0.048830,-,2537530.000,USD,,,,
VENTAS INC,VTR,92276F100,2927925,0.048662,-,5198926.000,USD,,,,
PPL CORP,PPL,69351T106,2680905,0.048653,-,9145344.000,USD,,,,
HUNTINGTON BANCSHARES INC,HBAN,446150104,2445966,0.048628,-,18004344.000,USD,,,,
WEST PHARMACEUTICAL SERVICES,WST,955306105,2950482,0.048549,-,897694.000,USD,,,,
ARCHER DANIELS MIDLAND CO,ADM,039483102,2047317,0.048477,-,5925332.000,USD,,,,
WATERS CORP,WAT,941848103,2937689,0.047851,-,735886.000,USD,,,,
EQUITY RESIDENTIAL,EQR,29476L107,2319157,0.047752,-,4238160.000,USD,,,,
PULTEGROUP INC,PHM,745867101,2708841,0.047666,-,2541671.000,USD,,,,
EDISON INTERNATIONAL,EIX,281020107,2829515,0.047061,-,4797645.000,USD,,,,
HUBBELL INC,HUBB,443510607,BDFG6S3,0.046305,-,665352.000,USD,,,,
EXPEDIA GROUP INC,EXPE,30212P303,B748CK2,0.046055,-,1521990.000,USD,,,,
ON SEMICONDUCTOR,ON,682189105,2583576,0.045284,-,5276480.000,USD,,,,
HERSHEY CO/THE,HSY,427866108,2422806,0.045229,-,1830950.000,USD,,,,
ATMOS ENERGY CORP,ATO,049560105,2315359,0.044716,-,1923602.000,USD,,,,
PTC INC,PTC,69370C100,B95N910,0.044646,-,1488840.000,USD,,,,
TERADYNE INC,TER,880770102,2884183,0.044532,-,2018319.000,USD,,,,
CINCINNATI FINANCIAL CORP,CINF,172062101,2196888,0.044483,-,1940729.000,USD,,,,
REGIONS FINANCIAL CORP,RF,7591EP100,B01R311,0.044295,-,11263394.000,USD,,,,
WESTERN DIGITAL CORP,WDC,958102105,2954699,0.044146,-,4284020.000,USD,,,,
TELEDYNE TECHNOLOGIES INC,TDY,879360105,2503477,0.043708,-,577273.000,USD,,,,
SBA COMMUNICATIONS CORP,SBAC,78410G104,BZ6TS23,0.043708,-,1334689.000,USD,,,,
COTERRA ENERGY INC,CTRA,127097103,2162340,0.043673,-,9128375.000,USD,,,,
KELLANOVA,K,487836108,2486813,0.043592,-,3332481.000,USD,,,,
WEYERHAEUSER CO,WY,962166104,2958936,0.043366,-,9003998.000,USD,,,,
ZIMMER BIOMET HOLDINGS INC,ZBH,98956P102,2783815,0.043105,-,2467016.000,USD,,,,
INTL FLAVORS + FRAGRANCES,IFF,459506101,2464165,0.042908,-,3168326.000,USD,,,,
NRG ENERGY INC,NRG,629377508,2212922,0.042676,-,2510217.000,USD,,,,
CENTERPOINT ENERGY INC,CNP,15189T107,2440637,0.042486,-,8076278.000,USD,,,,
EVERSOURCE ENERGY,ES,30040W108,BVVN4Q8,0.042329,-,4541002.000,USD,,,,
DARDEN RESTAURANTS INC,DRI,237194105,2289874,0.042284,-,1456085.000,USD,,,,
WARNER BROS DISCOVERY INC,WBD,934423104,BM8JYX3,0.042019,-,27664904.000,USD,,,,
NORTHERN TRUST CORP,NTRS,665859104,2648668,0.041957,-,2456605.000,USD,,,,
PACKAGING CORP OF AMERICA,PKG,695156109,2504566,0.041700,-,1104863.000,USD,,,,
LIVE NATION ENTERTAINMENT IN,LYV,538034109,B0T7YX2,0.041669,-,1945227.000,USD,,,,
ZEBRA TECHNOLOGIES CORP CL A,ZBRA,989207105,2989356,0.041357,-,640292.000,USD,,,,
STERIS PLC,STE,G8473T100,BFY8C75,0.041285,-,1224897.000,USD,,,,
LEIDOS HOLDINGS INC,LDOS,525327102,BDV82B8,0.041125,-,1653326.000,USD,,,,
CITIZENS FINANCIAL GROUP,CFG,174610105,BQRX1X3,0.040993,-,5461355.000,USD,,,,
LENNOX INTERNATIONAL INC,LII,526107107,2442053,0.040974,-,397396.000,USD,,,,
FIRSTENERGY CORP,FE,337932107,2100920,0.040929,-,6367134.000,USD,,,,
BIOGEN INC,BIIB,09062X103,2455965,0.040907,-,1805937.000,USD,,,,
FIRST SOLAR INC,FSLR,336433107,B1HMF22,0.040618,-,1326696.000,USD,,,,
CBOE GLOBAL MARKETS INC,CBOE,12503M108,B5834C5,0.040437,-,1300135.000,USD,,,,
CMS ENERGY CORP,CMS,125896100,2219224,0.040395,-,3702819.000,USD,,,,
SEAGATE TECHNOLOGY HOLDINGS,STX,G7997R103,BKVD2N4,0.039778,-,2608766.000,USD,,,,
LABCORP HOLDINGS INC,LH,504922105,BSBK800,0.039691,-,1036449.000,USD,,,,
LYONDELLBASELL INDU CL A,LYB,N53745100,B3SPXZ3,0.039571,-,3219712.000,USD,,,,
CLOROX COMPANY,CLX,189054109,2204026,0.039481,-,1534020.000,USD,,,,
INTERNATIONAL PAPER CO,IP,460146103,2465254,0.038846,-,4305099.000,USD,,,,
ULTA BEAUTY INC,ULTA,90384S303,B28TS42,0.038713,-,583981.000,USD,,,,
SOUTHWEST AIRLINES CO,LUV,844741108,2831543,0.038389,-,7442697.000,USD,,,,
INSULET CORP,PODD,45784P101,B1XGNW4,0.038102,-,870660.000,USD,,,,
MCCORMICK + CO NON VTG SHRS,MKC,579780206,2550161,0.036966,-,3130689.000,USD,,,,
BUILDERS FIRSTSOURCE INC,BLDR,12008R107,B0BV2M7,0.036754,-,1426391.000,USD,,,,
COOPER COS INC/THE,COO,216648501,BQPDXR3,0.036507,-,2473075.000,USD,,,,
ESSEX PROPERTY TRUST INC,ESS,297178105,2316619,0.036306,-,797763.000,USD,,,,
JABIL INC,JBL,466313103,2471789,0.036268,-,1398212.000,USD,,,,
ESTEE LAUDER COMPANIES CL A,EL,518439104,2320524,0.036240,-,2894263.000,USD,,,,
WR BERKLEY CORP,WRB,084423102,2093644,0.036158,-,3734357.000,USD,,,,
SNAP ON INC,SNA,833034101,2818740,0.036068,-,650707.000,USD,,,,
TRIMBLE INC,TRMB,896239100,2903958,0.035957,-,3033709.000,USD,,,,
NISOURCE INC,NI,65473P105,2645409,0.035284,-,5784795.000,USD,,,,
INVITATION HOMES INC,INVH,46187W107,BD81GW9,0.035194,-,7060302.000,USD,,,,
STEEL DYNAMICS INC,STLD,858119100,2849472,0.035173,-,1754452.000,USD,,,,
KEYCORP,KEY,493267108,2490911,0.035148,-,12284081.000,USD,,,,
MID AMERICA APARTMENT COMM,MAA,59522J103,2589132,0.035078,-,1451990.000,USD,,,,
FACTSET RESEARCH SYSTEMS INC,FDS,303075105,2329770,0.034718,-,470612.000,USD,,,,
VERISIGN INC,VRSN,92343E102,2142922,0.034615,-,1024395.000,USD,,,,
JACOBS SOLUTIONS INC,J,46982L108,BNGC0D3,0.034161,-,1539751.000,USD,,,,
PRINCIPAL FINANCIAL GROUP,PFG,74251V102,2803014,0.033938,-,2607881.000,USD,,,,
PENTAIR PLC,PNR,G7S00T104,BLS09M3,0.033686,-,2047502.000,USD,,,,
QUEST DIAGNOSTICS INC,DGX,74834L100,2702791,0.033645,-,1383216.000,USD,,,,
CF INDUSTRIES HOLDINGS INC,CF,125269100,B0G4K50,0.033633,-,2156346.000,USD,,,,
OMNICOM GROUP,OMC,681919106,2279303,0.033287,-,2417811.000,USD,,,,
MASCO CORP,MAS,574599106,2570200,0.033255,-,2673682.000,USD,,,,
GENUINE PARTS CO,GPC,372460105,2367480,0.033003,-,1723091.000,USD,,,,
IDEX CORP,IEX,45167R104,2456612,0.032682,-,940857.000,USD,,,,
HOLOGIC INC,HOLX,436440101,2433530,0.032381,-,2885486.000,USD,,,,
TAPESTRY INC,TPR,876030107,BF09HX3,0.032251,-,2887919.000,USD,,,,
BALL CORP,BALL,058498106,2073022,0.032180,-,3698443.000,USD,,,,
MOLINA HEALTHCARE INC,MOH,60855R100,2212706,0.032136,-,709011.000,USD,,,,
BEST BUY CO INC,BBY,086516101,2094670,0.031928,-,2421492.000,USD,,,,
TYSON FOODS INC CL A,TSN,902494103,2909730,0.031896,-,3549985.000,USD,,,,
BAXTER INTERNATIONAL INC,BAX,071813109,2085102,0.031468,-,6339355.000,USD,,,,
SUPER MICRO COMPUTER INC,SMCI,86800U302,BRC3N73,0.031148,-,6240648.000,USD,,,,
ALEXANDRIA REAL ESTATE EQUIT,ARE,015271109,2009210,0.030938,-,1927248.000,USD,,,,
EXPEDITORS INTL WASH INC,EXPD,302130109,2325507,0.030937,-,1734483.000,USD,,,,
LOEWS CORP,L,540424108,2523022,0.030923,-,2239836.000,USD,,,,
EVEREST GROUP LTD,EG,G3223R108,2556868,0.030767,-,532518.000,USD,,,,
ALLIANT ENERGY CORP,LNT,018802108,2973821,0.030696,-,3186121.000,USD,,,,
ALIGN TECHNOLOGY INC,ALGN,016255101,2679204,0.030609,-,871808.000,USD,,,,
AVERY DENNISON CORP,AVY,053611109,2066408,0.030535,-,995519.000,USD,,,,
F5 INC,FFIV,315616102,2427599,0.030461,-,719801.000,USD,,,,
LAS VEGAS SANDS CORP,LVS,517834107,B02T2J7,0.030422,-,4312946.000,USD,,,,
DOLLAR GENERAL CORP,DG,256677105,B5B1S13,0.030347,-,2731943.000,USD,,,,
KIMCO REALTY CORP,KIM,49446R109,2491594,0.029934,-,8373213.000,USD,,,,
HUNT (JB) TRANSPRT SVCS INC,JBHT,445658107,2445416,0.029483,-,987248.000,USD,,,,
GEN DIGITAL INC,GEN,668771108,BJN4XN5,0.029482,-,6728357.000,USD,,,,
SKYWORKS SOLUTIONS INC,SWKS,83088M102,2961053,0.029094,-,1983847.000,USD,,,,
TEXTRON INC,TXT,883203101,2885937,0.029070,-,2298945.000,USD,,,,
REVVITY INC,RVTY,714046109,2305844,0.028901,-,1508427.000,USD,,,,
EVERGY INC,EVRG,30034W106,BFMXGR0,0.028832,-,2856598.000,USD,,,,
HEALTHPEAK PROPERTIES INC,DOC,42250P103,BJBLRK3,0.028776,-,8667686.000,USD,,,,
DOMINO S PIZZA INC,DPZ,25754A201,B01SD70,0.028745,-,427837.000,USD,,,,
APTIV PLC,APTV,G3265R107,BTDN8H1,0.028649,-,2912581.000,USD,,,,
DOLLAR TREE INC,DLTR,256746108,2272476,0.028612,-,2509758.000,USD,,,,
AMCOR PLC,AMCR,G0250X107,BJ1F307,0.027931,-,17953624.000,USD,,,,
ROLLINS INC,ROL,775711104,2747305,0.027031,-,3489410.000,USD,,,,
AKAMAI TECHNOLOGIES INC,AKAM,00971T101,2507457,0.027019,-,1861487.000,USD,,,,
VIATRIS INC,VTRS,92556V106,BMWS3X9,0.026964,-,14825271.000,USD,,,,
POOL CORP,POOL,73278L105,2781585,0.026429,-,471428.000,USD,,,,
EPAM SYSTEMS INC,EPAM,29414B104,B44Z3T8,0.025819,-,702710.000,USD,,,,
STANLEY BLACK + DECKER INC,SWK,854502101,B3Q2FJ4,0.025761,-,1912794.000,USD,,,,
JUNIPER NETWORKS INC,JNPR,48203R104,2431846,0.025474,-,4089431.000,USD,,,,
JACK HENRY + ASSOCIATES INC,JKHY,426281101,2469193,0.025056,-,905646.000,USD,,,,
UDR INC,UDR,902653104,2727910,0.024752,-,3728573.000,USD,,,,
CARMAX INC,KMX,143130102,2983563,0.024525,-,1919829.000,USD,,,,
CONAGRA BRANDS INC,CAG,205887102,2215460,0.024465,-,5914726.000,USD,,,,
C.H. ROBINSON WORLDWIDE INC,CHRW,12541W209,2116228,0.024001,-,1457233.000,USD,,,,
CAMDEN PROPERTY TRUST,CPT,133131102,2166320,0.023937,-,1324869.000,USD,,,,
BIO TECHNE CORP,TECH,09073M104,BSHZ3Q0,0.023894,-,1957677.000,USD,,,,
HOST HOTELS + RESORTS INC,HST,44107P104,2567503,0.023716,-,8662666.000,USD,,,,
REGENCY CENTERS CORP,REG,758849103,2726177,0.023317,-,2028807.000,USD,,,,
NORWEGIAN CRUISE LINE HOLDIN,NCLH,G66721104,B9CGTC3,0.023161,-,5461752.000,USD,,,,
NORDSON CORP,NDSN,655663102,2641838,0.023086,-,673200.000,USD,,,,
INCYTE CORP,INCY,45337C102,2471950,0.023078,-,1985487.000,USD,,,,
ALLEGION PLC,ALLE,G0176J109,BFRT3W7,0.022913,-,1077227.000,USD,,,,
MODERNA INC,MRNA,60770K107,BGSXTS3,0.022750,-,4201643.000,USD,,,,
ALBEMARLE CORP,ALB,012653101,2046853,0.022081,-,1459682.000,USD,,,,
BUNGE GLOBAL SA,BG,H11356104,BQ6BPG9,0.022035,-,1730304.000,USD,,,,
DAYFORCE INC,DAY,15677J108,BFX1V56,0.021999,-,1954464.000,USD,,,,
JM SMUCKER CO/THE,SJM,832696405,2951452,0.021749,-,1322434.000,USD,,,,
ASSURANT INC,AIZ,04621X108,2331430,0.021576,-,635528.000,USD,,,,
UNIVERSAL HEALTH SERVICES B,UHS,913903100,2923785,0.021486,-,727827.000,USD,,,,
FOX CORP   CLASS A,FOXA,35137L105,BJJMGL2,0.021240,-,2740663.000,USD,,,,
EASTMAN CHEMICAL CO,EMN,277432100,2298386,0.021135,-,1436393.000,USD,,,,
BXP INC,BXP,101121101,2019479,0.020975,-,1805341.000,USD,,,,
NEWS CORP   CLASS A,NWSA,65249B109,BBGVT40,0.020729,-,4699732.000,USD,,,,
INTERPUBLIC GROUP OF COS INC,IPG,460690100,2466321,0.020649,-,4616297.000,USD,,,,
ERIE INDEMNITY COMPANY CL A,ERIE,29530P102,2311711,0.020180,-,310160.000,USD,,,,
PAYCOM SOFTWARE INC,PAYC,70432V102,BL95MY0,0.020174,-,604843.000,USD,,,,
SOLVENTUM CORP,SOLV,83444M101,BMTQB43,0.020004,-,1715870.000,USD,,,,
LKQ CORP,LKQ,501889208,2971029,0.019836,-,3221571.000,USD,,,,
PINNACLE WEST CAPITAL,PNW,723484101,2048804,0.019557,-,1410695.000,USD,,,,
GLOBE LIFE INC,GL,37959E102,BK6YKG1,0.019557,-,1040082.000,USD,,,,
MOLSON COORS BEVERAGE CO   B,TAP,60871R209,B067BM3,0.019088,-,2164705.000,USD,,,,
RALPH LAUREN CORP,RL,751212101,B4V9661,0.018988,-,498028.000,USD,,,,
GENERAC HOLDINGS INC,GNRC,368736104,B6197Q2,0.018954,-,737325.000,USD,,,,
APA CORP,APA,03743Q108,BNNF1C1,0.018535,-,4595031.000,USD,,,,
WALGREENS BOOTS ALLIANCE INC,WBA,931427108,BTN1Y44,0.018457,-,8900396.000,USD,,,,
HENRY SCHEIN INC,HSIC,806407102,2416962,0.017779,-,1544947.000,USD,,,,
HORMEL FOODS CORP,HRL,440452100,2437264,0.017304,-,3609627.000,USD,,,,
ENPHASE ENERGY INC,ENPH,29355A107,B65SQW4,0.017042,-,1674094.000,USD,,,,
AES CORP,AES,00130H105,2002479,0.016996,-,8830806.000,USD,,,,
MOSAIC CO/THE,MOS,61945C103,B3NPHP6,0.016962,-,3957911.000,USD,,,,
SMITH (A.O.) CORP,AOS,831865209,2816023,0.016903,-,1476018.000,USD,,,,
CHARLES RIVER LABORATORIES,CRL,159864107,2604336,0.016852,-,633710.000,USD,,,,
TELEFLEX INC,TFX,879369106,2881407,0.016745,-,575404.000,USD,,,,
LAMB WESTON HOLDINGS INC,LW,513272104,BDQZFJ3,0.016743,-,1767245.000,USD,,,,
MARKETAXESS HOLDINGS INC,MKTX,57060D108,B03Q9D0,0.016663,-,468636.000,USD,,,,
MATCH GROUP INC,MTCH,57667L107,BK80XH9,0.016330,-,3111821.000,USD,,,,
FEDERAL REALTY INVS TRUST,FRT,313745101,BN7P9B2,0.015798,-,934614.000,USD,,,,
HUNTINGTON INGALLS INDUSTRIE,HII,446413106,B40SSC9,0.015700,-,486975.000,USD,,,,
CELANESE CORP,CE,150870103,B05MZT4,0.015646,-,1356804.000,USD,,,,
THE CAMPBELL S COMPANY,CPB,134429109,2162845,0.015329,-,2434482.000,USD,,,,
WYNN RESORTS LTD,WYNN,983134107,2963811,0.015167,-,1146235.000,USD,,,,
INVESCO LTD,IVZ,G491BT108,B28XP76,0.015123,-,5589321.000,USD,,,,
HASBRO INC,HAS,418056107,2414580,0.015072,-,1627576.000,USD,,,,
MGM RESORTS INTERNATIONAL,MGM,552953101,2547419,0.014900,-,2804155.000,USD,,,,
DAVITA INC,DVA,23918K108,2898087,0.014783,-,559139.000,USD,,,,
CAESARS ENTERTAINMENT INC,CZR,12769G100,BMWWGB0,0.014072,-,2633196.000,USD,,,,
BORGWARNER INC,BWA,099724106,2111955,0.013915,-,2710416.000,USD,,,,
MOHAWK INDUSTRIES INC,MHK,608190104,2598699,0.013438,-,650923.000,USD,,,,
FMC CORP,FMC,302491303,2328603,0.013316,-,1550952.000,USD,,,,
BROWN FORMAN CORP CLASS B,BF.B,115637209,2146838,0.012336,-,2256926.000,USD,,,,
FOX CORP   CLASS B,FOX,35137L204,BJJMGY5,0.012077,-,1639085.000,USD,,,,
PARAMOUNT GLOBAL CLASS B,PARA,92556H206,BKTNTR9,0.012037,-,7387175.000,USD,,,,
FRANKLIN RESOURCES INC,BEN,354613101,2350684,0.011927,-,3833277.000,USD,,,,
NEWS CORP   CLASS B,NWS,65249B208,BBGVT51,0.006798,-,1394248.000,USD,,,,
,,,,,,,,,,,
"Past performance is not a reliable indicator of future performance. Investment return and principal value will fluctuate, so you may have a gain or loss when shares are sold. Current performance may be higher or lower than that quoted. All results are historical and assume the reinvestment of dividends and capital gains. Visit www.ssga.com for most recent month-end performance. ",,,,,,,,,,,
,,,,,,,,,,,
,,,,,,,,,,,
,,,,,,,,,,,
"Portfolio holdings, allocations and weightings are as of the date indicated, are subject to change and should not be considered a recommendation to buy individual securities. For most recent information visit www.ssga.com.",,,,,,,,,,,
,,,,,,,,,,,
,,,,,,,,,,,
"Bonds generally present less short-term risk and volatility than stocks, but contain interest rate risk (as interest rates raise, bond prices usually fall); issuer default risk; issuer credit risk; liquidity risk; and inflation risk. These effects are usually pronounced for longer-term securities. Any fixed income security sold or redeemed prior to maturity may be subject to a substantial gain or loss.

International Government bonds and corporate bonds generally have more moderate short-term price fluctuations than stocks, but provide lower potential long-term returns.
Investing in high yield fixed income securities, otherwise known as ""junk bonds"", is considered speculative and involves greater risk of loss of principal and interest than investing in investment grade fixed income securities. These Lower-quality debt securities involve greater risk of default or price changes due to potential changes in the credit quality of the issuer.

Equity securities may fluctuate in value and can decline significantly in response to the activities of individual companies and general market and economic conditions.

There are risks associated with investing in Real Assets and the Real Assets sector, including real estate, precious metals and natural resources.  Investments can be significantly affected by events relating to these industries.

Investing in foreign domiciled securities may involve risk of capital loss from unfavorable fluctuation in currency values, withholding taxes, from differences in generally accepted accounting principles or from economic or political instability in other nations.  Investments in emerging or developing markets may be more volatile and less liquid than investing in developed markets and may involve exposure to economic structures that are generally less diverse and mature and to political systems which have less stability than those of more developed countries. 

The trademarks and service marks referenced herein are the property of their respective owners. Third party data providers make no warranties or representations of any kind relating to the accuracy, completeness or timeliness of the data and have no liability for damages of any kind relating to the use of such data. Investing involves risk including the risk of loss of principal.

The whole or any part of this work may not be reproduced, copied or transmitted or any of its contents disclosed to third parties without SSGA's express written consent.

ETFs trade like stocks, are subject to investment risk and will fluctuate in market value. The investment return and principal value of an investment will fluctuate in value, so that when shares are sold or redeemed, they may be worth more or less than when they were purchased.  Although shares may be bought or sold on an exchange through any brokerage account, shares are not individually redeemable from the fund.  Investors may acquire shares and tender them for redemption through the fund in large aggregations known as “creation units.”  Please see the fund’s prospectus for more details.

Investing in REITs involves certain distinct risks in addition to those risks associated with investing in the real estate industry in general. Equity REITs may be affected by changes in the value of the underlying property owned by the REITs, while mortgage REITs may be affected by the quality of credit extended. REITs are subject to heavy cash flow dependency, default by borrowers and self-liquidation. REITs, especially mortgage REITs, are also subject to interest rate risk (i.e., as interest rates rise, the value of the REIT may decline).

Multi-Cap investments include exposure to all market caps, including small and medium capitalization (“cap”) stocks that generally have a higher risk of business failure, lesser liquidity and greater volatility in market price. As a consequence, small and medium cap stocks have a greater possibility of price decline or loss as compared to large cap stocks. This may cause the Fund not to meet its investment objective. 

Concentrated investments in a particular Sector tend to be more volatile than the overall market and increases risk that events negatively affecting such sectors or industries could reduce returns, potentially causing the value of the Fund’s shares to decrease.

Technology companies, including cyber security companies, can be significantly affected by obsolescence of existing technology, limited product lines, and competition for financial resources, qualified personnel, new market entrants or impairment of patent and intellectual property rights that can adversely affect profit margins.

This communication is not intended to be an investment recommendation or investment advice and should not be relied upon as such.

The information provided does not constitute investment advice and it should not be relied on as such. It should not be considered a solicitation to buy or an offer to sell a security. It does not take into account any investor's particular investment objectives, strategies, tax status or investment horizon.  You should consult your tax and financial advisor.

The S&P 500® Index is a product of S&P Dow Jones Indices LLC or its affiliates (“S&P DJI”) and have been licensed for use by State Street Global Advisors.  S&P®, SPDR®, S&P 500®,US 500 and the 500 are trademarks of Standard & Poor’s Financial Services LLC (“S&P”); Dow Jones® is a registered trademark of Dow Jones Trademark Holdings LLC (“Dow Jones”) and has been licensed for use by S&P Dow Jones Indices; and these trademarks have been licensed for use by S&P DJI and sublicensed for certain purposes by State Street Global Advisors. The fund is not sponsored, endorsed, sold or promoted by S&P DJI, Dow Jones, S&P, their respective affiliates, and none of such parties make any representation regarding the advisability of investing in such product(s) nor do they have any liability for any errors, omissions, or interruptions of these indices.

The returns on a portfolio of securities which exclude companies that do not meet the portfolio's specified ESG criteria may trail the returns on a portfolio of securities which include such companies. A portfolio's ESG criteria may result in the portfolio investing in industry sectors or securities which underperform the market as a whole. 

If your account holds Russian securities and instruments, then as of the date of this publication, they have been fair valued.  Such fair value may be zero.  If your portfolio holds such Russian securities and instruments, then the portfolio may not be able to dispose of such securities and instruments depending on the relevant market, applicable sanctions requirements, and/or Russian capital controls or other counter measures. In such circumstances, the portfolio would continue to own and have exposure to Russian-related issuers and markets.  Please refer to your portfolio holdings report. ",,,,,,,,,,,
,,,,,,,,,,,
,,,,,,,,,,,
,,,,,,,,,,,
,,,,,,,,,,,
,,,,,,,,,,,
,,,,,,,,,,,
,,,,,,,,,,,
,,,,,,,,,,,
,,,,,,,,,,,
,,,,,,,,,,,
,,,,,,,,,,,
,,,,,,,,,,,
,,,,,,,,,,,
,,,,,,,,,,,
,,,,,,,,,,,
,,,,,,,,,,,
,,,,,,,,,,,
,,,,,,,,,,,
,,,,,,,,,,,
,,,,,,,,,,,
,,,,,,,,,,,
,,,,,,,,,,,
,,,,,,,,,,,
,,,,,,,,,,,
,,,,,,,,,,,
,,,,,,,,,,,
,,,,,,,,,,,
,,,,,,,,,,,
,,,,,,,,,,,
,,,,,,,,,,,
,,,,,,,,,,,
,,,,,,,,,,,
,,,,,,,,,,,
,,,,,,,,,,,
,,,,,,,,,,,
,,,,,,,,,,,
,,,,,,,,,,,
,,,,,,,,,,,
,,,,,,,,,,,
,,,,,,,,,,,
,,,,,,,,,,,
,,,,,,,,,,,
,,,,,,,,,,,
,,,,,,,,,,,
,,,,,,,,,,,
,,,,,,,,,,,
,,,,,,,,,,,
,,,,,,,,,,,
,,,,,,,,,,,
,,,,,,,,,,,
,,,,,,,,,,,
,,,,,,,,,,,
,,,,,,,,,,,
,,,,,,,,,,,
,,,,,,,,,,,
,,,,,,,,,,,
,,,,,,,,,,,
,,,,,,,,,,,
"DoubleLine® is a registered trademark of DoubleLine Capital LP.

Investing involves risk including the risk of loss of principal.

All information is from SSGA unless otherwise noted and has been obtained from sources believed to be reliable, but its accuracy is not guaranteed.  There is no representation or warranty as to the current accuracy, reliability or completeness of, nor liability for, decisions based on such information and it should not be relied on as such. ",,,,,,,,,,,
,,,,,,,,,,,
,,,,,,,,,,,
,,,,,,,,,,,
,,,,,,,,,,,
,,,,,,,,,,,
,,,,,,,,,,,
,,,,,,,,,,,
"Distributor: State Street Global Advisors Funds Distributors, LLC, member FINRA(http://www.finra.org), SIPC(http://www.sipc.org), an indirect wholly owned subsidiary of State Street Corporation. References to State Street may include State Street Corporation and its affiliates. Certain State Street affiliates provide services and receive fees from the SPDR ETFs. ALPS Distributors, Inc., member FINRA, is the distributor for DIA, MDY and SPY, all unit investment trusts. ALPS Portfolio Solutions Distributor, Inc., member FINRA, is the distributor for Select Sector SPDRs. ALPS Distributors, Inc. and ALPS Portfolio Solutions Distributor, Inc. are not affiliated with State Street Global Advisors Funds Distributors, LLC.

State Street Global Advisors Funds Distributors, LLC is the distributor for some registered products on behalf of the adviser. SSGA Funds Management has retained Blackstone Liquid Credit Strategies LLC, Nuveen Asset Management, DoubleLine Capital LP, Loomis Sayles and Galaxy Digital Capital Management LP as the sub-adviser. State Street Global Advisors Funds Distributors, LLC is not affiliated with Blackstone Liquid Credit Strategies LLC DoubleLine Capital LP, Nuveen Asset Management, Loomis Sayles or Galaxy Digital Capital Management LP.",,,,,,,,,,,
,,,,,,,,,,,
,,,,,,,,,,,
,,,,,,,,,,,
,,,,,,,,,,,
,,,,,,,,,,,
,,,,,,,,,,,
,,,,,,,,,,,
,,,,,,,,,,,
"Before investing, consider the funds’ investment objectives, risks, charges and expenses. To obtain a prospectus or summary prospectus, this contains this and other information, call 1-866-787-2257 or visit www.ssga.com. Read it carefully.

Not FDIC Insured * No Bank Guarantee * May Lose Value

© 2024 State Street Corporation - All Rights Reserved.
State Street Global Advisors Funds Distributors, LLC, One Iron Street, Boston, MA 02210

4503082.6.4.AM.RTL
Expiration: 01/31/2025
SPD003614",,,,,,,,,,,
,,,,,,,,,,,
,,,,,,,,,,,
,,,,,,,,,,,
,,,,,,,,,,,
,,,,,,,,,,,
,,,,,,,,,,,
,,,,,,,,,,,
,,,,,,,,,,,
,,,,,,,,,,,
,,,,,,,,,,,
