seed,solo_total,solo_mdd,solo_calmar,solo_vol,sent_w50_total,sent_w50_mdd,sent_w50_calmar,sent_w50_vol,sent_w60_total,sent_w60_mdd,sent_w60_calmar,sent_w60_vol,tech_w50_total,tech_w50_mdd,tech_w50_calmar,tech_w50_vol,tech_w60_total,tech_w60_mdd,tech_w60_calmar,tech_w60_vol
0,142.55074163652512,-31.35036560050455,0.8662613349006811,26.388644417577957,87.6557627793259,-17.638439726456824,1.0551283911602236,16.814648226924923,98.48450799792239,-20.480026310123055,0.9975072901983327,18.412019473389858,82.41280779813489,-16.36353317051843,1.0818525526663763,16.603282130069765,93.89848205331131,-19.56183842635788,1.005428466727981,18.365851795579495
1,107.49958838600296,-25.307270961130477,0.8648992127253414,27.03449174359287,73.89924695136283,-14.277308016785085,1.1337784514625167,17.01695292918598,81.07260897407404,-16.085650124004612,1.0859250186759526,18.700624699829575,69.03844889748112,-15.78759896438845,0.9689605942615233,16.79896779420175,76.8854387791843,-17.763816735645587,0.9415182028219703,18.647245982588675
2,177.93654117175763,-26.599723517374187,1.2007985305887483,29.307041297104984,102.63242124405019,-14.7691383566534,1.429079162390581,17.72774354198134,117.18314530397306,-17.23932841923801,1.3576578203730636,19.71766698133579,96.7904675212629,-14.18335247665975,1.4206370150399592,17.670464480544425,111.97824352724184,-16.31165738370156,1.385271026017871,19.79704144545646
3,114.60697732141645,-26.304567115972098,0.8746184870712567,25.98452847816972,76.76094129295521,-15.646622791896936,1.0674938872977175,16.2816906288684,84.67737830603164,-17.42137316759583,1.0388029569713029,17.875382333313457,71.48076059912114,-14.646812027594736,1.0751084316615171,16.392134360329468,80.06556230976356,-16.583361131577746,1.042629460509506,18.112882151716985
4,148.72390738262246,-20.374776533080198,1.3755799755250624,27.264132518252488,90.40400972212595,-13.33691801394804,1.4305664343360491,17.1742350016229,101.8812153548724,-12.462827310705327,1.6837560885430112,18.87782349746531,84.92754559117009,-11.90048958230271,1.5243685104676106,17.111023630744242,97.05732320315101,-13.204374611698865,1.5293077771085202,18.95717865146057
5,148.3066507043617,-23.978305105286026,1.1664235779554324,27.628789102912794,90.99516157862817,-14.203406235003035,1.3503439364170664,16.894114122460575,102.44647510969571,-15.55896084809274,1.3545970873963857,18.697934168457863,85.30574938704596,-12.100497944818944,1.5045826021258306,16.982767524254644,97.406471230189,-14.580306596758907,1.3889461965960452,18.9097552292247
6,120.7052822249822,-25.092047905205426,0.9542705211639319,28.20952867679271,79.41102921998487,-15.06608312959573,1.1399472476980568,17.8836390211386,87.96418728360904,-15.909967539660673,1.173078931449403,19.660644934036455,74.46672253628475,-15.17299496689526,1.073617377215176,17.63483195940597,83.69135804366401,-17.233664888551182,1.040177143905697,19.573965734349326
7,102.7580051647063,-24.850837960306226,0.8501369511507466,26.494660219361986,72.11115313396826,-15.30032246573657,1.036719072176577,16.406842739738835,78.78924561507465,-16.99627810295665,1.004001326770794,18.0739936634153,66.92041190344816,-13.334061417257026,1.1177409110164098,16.570765668635556,74.27532933577064,-15.467653987680718,1.050927631386416,18.35597269419986
8,57.42077874760882,-30.615272891902112,0.4276560184008076,25.084682179222934,50.97095620705849,-19.30261314334517,0.6122044409668927,16.0206642423805,52.93595990601705,-21.673220256992153,0.5633647100235204,17.490576447038666,46.49992816895303,-17.08171089674504,0.6386567858164136,16.10373052180822,49.15596702206422,-19.866296456298382,0.5764046424236489,17.707764176671546
9,134.6963052850059,-24.48411429036501,1.0630416722689384,26.01861445216105,84.55658210266841,-13.31810920176747,1.3572814749549393,16.57916417616827,94.56827792628091,-15.53616380336268,1.2731572057735465,18.141836415857558,79.53726359336169,-14.979710872496433,1.1480121287516198,16.22113931267562,90.21105282280173,-16.92180653416867,1.1255661656334144,17.97040815398599
10,195.05390823925896,-30.715738951055172,1.1100674309959642,29.688528456369585,108.76967936358656,-19.448746120336914,1.1358105958451579,18.14109480590779,125.11103107695116,-21.203250688209387,1.1607029515130982,20.14250455987537,102.502087578431,-18.054601837200423,1.1678541026554126,18.271655518347263,119.4574371088732,-20.624951289077543,1.1517209902194878,20.380562638870007
11,162.94751740113455,-25.53857578955888,1.173610177833404,26.88115089720941,95.70369305672666,-14.368020162577844,1.3898304701461694,16.924496591986905,108.66017964669625,-16.230945615901216,1.3599161236807829,18.593243119824404,90.23897554885794,-15.525777341689873,1.227078744659557,16.716411748072783,103.84267310448764,-17.60969198322284,1.209673507967313,18.549163457453467
12,136.67967053001541,-23.104581767862886,1.138974978876797,27.627926589165824,86.06364881323107,-15.17303871262995,1.2085317204499693,17.201934706119893,96.29013534354831,-14.513696084850004,1.3825896907398243,18.965301738480488,80.53370642738396,-13.949642186179823,1.2454017622873346,17.29082229862659,91.4174278696829,-15.770454764890317,1.2206923623240014,19.175738341158493
13,93.80932893763057,-22.52146123512584,0.8726390669619869,22.011184535597685,66.86640600181939,-14.560449447099689,1.0229041449301262,14.37070627255565,72.61866278806725,-14.736620530694555,1.0826550694274935,15.50521446384367,61.9666867365454,-14.230043123222336,0.9816691926332125,14.394469090678562,68.39261572486444,-15.935098625944132,0.9524852846823663,15.689193969992749
14,97.2387807223938,-23.78679869045911,0.8502007512089106,26.48808090311804,69.25874616540375,-15.088399507456085,1.0165615103263106,16.854997517696447,75.36054851898241,-15.041086727797614,1.0937533989127433,18.46449594897433,64.44190377337449,-14.529171515363215,0.9937845137628606,16.74457081244848,71.22206311174662,-16.377477312961407,0.9586052826259109,18.505638721736474
15,220.42892158236594,-27.26171742829354,1.3619922831554439,28.401946672198825,116.53070665361179,-14.877700919489556,1.566402969928922,17.838699931511773,135.45908584277498,-17.48263800205593,1.495115820622196,19.654694375606336,110.49828620136988,-15.885925513951571,1.407748205390371,17.618758704466398,130.03524851350195,-18.267746922325657,1.387362256051595,19.593451156181064
16,64.88292879041033,-30.04000014807825,0.48342237156385004,25.940144270201586,55.02959377571892,-16.725369508965837,0.7548051184690571,16.14732601397623,57.75622648261278,-18.74684194422026,0.7018836173030325,17.750203307737525,50.42160899426828,-14.871930773451481,0.7871655243799557,16.236835585933605,53.8398714617621,-17.85039894673066,0.6940671079109194,17.970403281628357
17,118.96098160396429,-32.92594707586106,0.71913540501617,26.902799426592672,79.06855027421578,-18.579815864290396,0.9210988156321326,16.537155091666286,87.44320648533821,-21.594609871344538,0.8601393407562107,18.259402181141397,73.70296677773638,-17.39203771105834,0.9286852953690481,16.65333113486206,82.7442496626394,-20.732873197824166,0.8566532376915932,18.498389164811314
18,125.45126138901979,-34.43519975102873,0.7161775261558536,27.2934429771079,81.65683812957163,-20.460858322521837,0.8587352665161672,16.921154369509413,90.7120954147791,-23.07275866034847,0.8291840142726686,18.662271713905486,76.38939084657044,-19.79175862395802,0.8405572309977061,16.878709403800514,86.11007827498361,-22.69534944981002,0.808320004056732,18.761291765766632
19,82.76138716181462,-41.411119067252336,0.4289639539009125,25.290537804342563,62.74846042069719,-25.145254312429056,0.5614617221065075,16.11425622400749,67.3434351635668,-28.42057525670979,0.5271854636767948,17.60829166012917,58.02333806036217,-23.365634977908744,0.5653611675594099,16.08629854366108,63.300227331211076,-27.06413040978002,0.5255250390838225,17.727679610618726
20,119.33664530407589,-29.854648994086176,0.795042524235825,24.502757881199294,78.45340475414729,-16.495699698470055,1.0308515996938568,15.378300575067888,86.86470288592285,-19.281071775091306,0.9581951847174948,16.825419937629853,73.2240777984031,-17.41666885008515,0.9223813817180091,15.382501618469838,82.30038768731359,-20.045083526974715,0.8821742224098795,16.979450707756694
21,192.2026320829533,-22.156595377807076,1.5229738873600291,25.18408980428473,105.63129785287325,-14.86603819515645,1.4522814705675715,16.159180662822966,121.60122890802465,-13.937688378041624,1.7277494442484815,17.629493918085625,99.862288681912,-13.928215765093688,1.4829667764850107,15.960443872735281,116.45661944146299,-15.603268150264082,1.4928304298806272,17.59982871124084
22,121.99712440207348,-31.83640236408427,0.758279860178122,25.20904854626774,79.5752562053399,-17.901764714505084,0.9610010176609032,15.87754274625616,88.26402621030375,-20.867650309295804,0.8968401090203416,17.386435515515462,74.41096298215683,-16.729075057254605,0.9731507506405905,15.78433867034798,83.7635471981212,-19.967617411746218,0.8983860563841003,17.45101991532997
23,60.940704144517866,-28.56040395891808,0.48224041948995505,24.6073670023432,52.723595402303914,-15.468082245730141,0.7866299068495376,15.589693507351699,55.052092575037115,-18.23684315330122,0.6924897129359279,17.02926300786329,48.28400477941766,-17.619094178358075,0.6398727062335807,15.557134434956641,51.30026966325336,-19.910794401676345,0.5968235188863918,17.1494951275897
24,146.68470502906055,-26.375828333170347,1.0517834170381926,27.874493992706196,90.20271804896176,-16.821966122349906,1.1321624506976544,17.1976874308368,101.47900981893687,-17.65249710287233,1.1850422604005046,19.004857802186383,84.6658307655979,-15.457161251798935,1.1706788379013904,17.18738416964232,96.5961888760942,-16.406935671717182,1.2261412312162225,19.129230113505518
25,58.87061770207303,-29.460520235940024,0.45397350722662283,27.014579852339693,52.433750021992424,-17.27171002482788,0.7011403559438658,16.77966391623496,54.53230756650562,-19.30330665779968,0.6489209561958336,18.490144256801276,47.97661128119093,-15.347726176359512,0.7304913820672945,16.772340680154432,50.766252187743575,-18.041628078205243,0.6527134659848641,18.620754164366428
26,160.18538775061143,-30.827260195659633,0.9602117130846243,28.027510980623365,95.12133783704361,-18.5887956115267,1.0690421379232558,17.49918547489315,107.8029535888053,-20.842549463488947,1.052488022970359,19.293877075253217,89.58142701531557,-16.64144292891804,1.1381002779345726,17.36228122316482,102.90928452918054,-19.331489853602356,1.094127490199742,19.306860148560844
27,115.24055838676345,-27.581608158754513,0.8376895909857428,25.033781798310685,75.85656109834564,-16.656411113222614,0.9930388575436236,16.650673647969054,83.83599128112012,-17.633892298177646,1.01799615493491,18.03812791667581,71.35560097526175,-16.830962399087422,0.9342304362069048,16.01953288150351,80.00315587762631,-18.98413398993195,0.9101956877608038,17.62561407183878
28,108.60906710102327,-33.861355019803895,0.6516164406349496,25.927764258761233,74.2612845406444,-20.704391305131363,0.7849950369276528,16.289615102285165,81.55427136782558,-23.322064501772587,0.7526116216837336,17.872422004241724,69.16284286182652,-18.863754760683705,0.8121692695755474,16.29238849991176,77.12711919624556,-21.910255402288982,0.7653119494921472,18.016468814064606
29,131.96296151360656,-24.41370236834427,1.049735879378415,26.496715024045,84.33293443939907,-13.673006157053946,1.3192129468776932,16.178447548540372,94.06773742738895,-15.28569517576377,1.28854755454912,17.875616988369224,78.61279628267664,-14.654850916909112,1.162273645307997,16.499934355599247,89.00610160423743,-16.684984287423845,1.1292577894075613,18.2949735315418
30,96.86847707975271,-22.641206931502822,0.8905138551258018,25.531660030734884,68.67931084267678,-13.284916363067001,1.1464947417220948,16.524819342270007,74.74514404340576,-14.281547060652844,1.1441536014754994,18.01074243842437,64.03937726257043,-13.79904243550949,1.0408576573576709,16.23114195298456,70.78004384091172,-15.621741482876095,0.9997905272661852,17.895107635537194
31,79.37791902687867,-25.778107320087795,0.6660177077349768,25.085685390667507,61.173003451390585,-15.08100362208461,0.9162179928922813,16.030292104720985,65.4170166337627,-16.76075381086758,0.87242365826581,17.49921550058464,56.72003605823046,-15.388455627101704,0.8419348414536715,15.741732181990193,61.643866417352356,-17.296714127973523,0.8040576422293223,17.392644062094508
32,64.07859886059177,-21.105910690464302,0.6808639104380522,26.547031432495366,54.67473030634245,-13.922984243170156,0.9017055500084351,16.590830925441352,57.316709186442516,-13.524409333756838,0.9665877037666671,18.243654368011054,50.0425056679213,-12.586513876928663,0.9240256373364856,16.723643427585525,53.37749767332534,-14.280083162866909,0.8611770006698309,18.497606659811193
33,116.97139643198197,-31.84449339622021,0.7339564847074911,25.303038030160955,76.87586086663455,-17.937375839169935,0.9323126807740245,16.571264227822528,85.03738949313524,-20.739317167739145,0.8756197451894271,18.012991689335056,72.13416718485826,-16.568371973052642,0.9576279967993553,16.151112071436014,80.96299809561782,-19.820318927653847,0.8803351827859378,17.786296961634687
34,73.5876635515889,-35.430389503324314,0.45528198498107253,24.25403488786053,58.41017246606908,-21.24015032820914,0.6254712172541829,15.537578291781978,62.05505252914087,-23.931411849813735,0.5844223528590536,16.922374715053863,53.8488571661957,-19.381208987152032,0.6393385875899508,15.455245930640093,58.17618955997921,-22.50236736066603,0.5883694425915604,17.000001587909676
35,126.0008315185475,-25.57126913418719,0.9676501682182101,25.232823780693614,81.05188551728584,-15.379274941190246,1.1355648675098133,15.987121237584889,90.15504823057077,-17.078503958817357,1.114682378483472,17.486682548434278,75.68801937957676,-13.418075148993136,1.230442239787114,16.067539095068266,85.45246959358887,-15.589356175972835,1.1694883060521872,17.70145911683074
36,172.83917478930135,-29.100813292531434,1.074895314847955,29.327936951837273,100.93455923229638,-16.149996225628517,1.2898000067606488,17.69756338405508,114.96378051129406,-18.865096406971926,1.2224629526027373,19.69535583417668,94.98355541662977,-15.591804865275172,1.2730564264660955,17.751202703317247,109.64779553671261,-17.95374149028589,1.2381333757022126,19.869961326138522
37,191.27036798706092,-25.569203749270176,1.315178873580332,26.29946236352177,105.45399495243379,-14.184390500041077,1.5200677744037616,16.952869785297466,121.33648549230251,-16.24442669157621,1.47993034937105,18.518080463740855,99.8625379304527,-15.692450644418777,1.3162457862247148,16.607556035801903,116.37538373453236,-17.65637704122206,1.3185312482738167,18.354206998361
38,213.42883718870206,-22.830808334996522,1.5904552305125348,26.52694619777713,114.02272128461375,-13.28729904227628,1.7246217878448769,16.412491507062164,132.22169304657197,-14.713551375629407,1.744372883451915,18.084596835693258,107.6473666293881,-12.96735304139236,1.6897643639972493,16.515353009314246,126.4427539111041,-14.861846819033387,1.669384583796041,18.31357698139242
39,151.66551099606008,-26.24814064147588,1.0833510553114478,28.47975036168508,92.47402986713365,-14.764508917579711,1.3159263197484237,17.38313766170147,104.27709198478819,-16.377019054502906,1.3050006954202589,19.27262755921176,86.72702763564489,-13.47291878860858,1.3695142948575196,17.487664926580607,99.17829612560777,-15.207378014126737,1.3508557904413692,19.494005657203743
40,94.18597825420262,-27.907954100505037,0.7064694076149034,26.00471109365971,68.14640404780977,-15.548603217106905,0.9732229968207182,16.300873882965618,73.92988296975372,-18.13862778394212,0.892727625490196,17.895676713987786,63.181064886194996,-15.066625352491158,0.9424984567289637,16.354028116912446,69.64396526308923,-17.31560186242591,0.8899145700253567,18.083265562199138
41,122.05339474168571,-21.53549165431582,1.1213783601285572,24.63585327092504,79.36146096801124,-13.9229842431702,1.2329081549430976,15.675007046448695,88.05606193222353,-13.956057821297808,1.3384418940593121,17.109200432099,74.06446300699339,-12.818347737081426,1.2651572696737015,15.721865538228103,83.4205303123223,-14.271374174552943,1.2527801192612613,17.29797771448632
42,136.50021944020332,-35.99747518023075,0.7303168809129847,28.001523360388624,86.5095149910361,-20.586974603285135,0.8944453875605082,17.038876677191446,96.72202824311454,-23.169557084666515,0.8691604939609486,18.889592857798366,80.80270027582503,-18.724497917476125,0.9303482918954327,17.280827387823212,91.67354593877428,-21.737149496377207,0.8876103201142631,19.232035252207663
43,240.60980360114735,-35.46151362542824,1.1116346742115981,29.11704297681904,123.74802161251264,-20.643581964990965,1.1822383720285894,18.016282962484198,144.77107767589476,-23.315672659340635,1.1782715680533096,19.93377415613965,117.46131985738488,-18.857674026785464,1.2434167924270128,17.84070919859933,139.07755888199097,-22.442717551607096,1.187970263781796,19.909659937044097
44,243.90836723141098,-25.93858672363395,1.5338182279218924,28.8300360174941,124.80931115546356,-14.205426611958071,1.7292944440092812,17.793541484338775,146.1690834878718,-16.63934219184111,1.6628784004565242,19.69015811044883,118.27575952563816,-15.17495020307843,1.5534248579423826,17.77779818249935,140.21555731431144,-17.426263483445524,1.5393133525201683,19.805242951900674
45,97.26023613860741,-23.89771728676543,0.8464030216755426,24.94087627548708,68.61882042710444,-13.822894416370357,1.1010631853089676,16.305349513782733,74.72736484176366,-15.174108634560424,1.076641410193792,17.716986718176198,64.11104949198099,-14.598402510867869,0.9847917203899456,15.859247531155235,70.89213316712485,-16.5138901643053,0.9470234353095958,17.469968728461243
46,131.81726463560838,-24.52863718911873,1.0439445876974267,24.879127174572428,83.18996922543771,-14.173038045864828,1.2586360513632855,15.88549855591676,92.89749156028586,-15.855911038267179,1.229837697274858,17.33631199133314,77.91130415399743,-13.179403295143521,1.2829209750375454,15.817648516930289,88.2779699076258,-14.952529149025551,1.2517835414496785,17.4231348493779
47,181.46337257388834,-24.331306468824764,1.3313222396369948,28.607830535508917,103.43203794813145,-13.642366975396026,1.5565971212481322,17.55698553611942,118.33880192752618,-15.562858788952427,1.5153270941633332,19.445896302666977,97.62827875087332,-14.183529667901706,1.430383302817704,17.44500068315903,113.16947836033613,-16.29202656944788,1.3983832603199349,19.47980775876009
48,160.06023028478938,-36.24298797984841,0.8162624123699548,26.33344822898996,94.53295662543657,-20.12290280679633,0.9826654983852032,16.59518944690061,107.18913176425372,-23.438916585559877,0.931730844206488,18.21028432321228,89.22683548407431,-18.980931604588914,0.9946438464687924,16.259780505029173,102.53370040996437,-22.56721878965794,0.934553183704143,18.05874664385004
49,195.70440712540426,-33.47275382702469,1.0210286966368027,27.440276896551545,107.70442750031934,-19.847975485391135,1.1044377919751174,17.272673163657704,124.0647928602518,-22.633967488028052,1.080383652100728,18.994309137694717,101.88210380714797,-19.002918742141826,1.1042780334816638,17.084773395138797,118.86786032736892,-22.06064107701525,1.0726773267639065,18.964946229986605
50,72.83287367055426,-28.051176609475835,0.5701606561834978,27.54662534792579,59.31717646546599,-15.15877263645069,0.8879755169873046,16.78691025762872,62.857603832657524,-17.888516958288104,0.7903866289645377,18.59038529224811,54.4875053735105,-16.45039260059984,0.7609224523548938,16.978964171076857,58.722393509116635,-18.87749521760682,0.7069583949883422,18.892083813050416
51,126.59476835205284,-22.294128552259927,1.1138740794304365,26.98300444980134,81.68629454681484,-12.608241160984768,1.3939795091645,17.05806957942636,90.8580868441109,-14.04822365450934,1.3636090062730992,18.727643395564535,76.38062253891202,-13.990701359740587,1.1889706742572275,17.053681326159808,86.2148504443596,-15.66563229627247,1.1721944167270184,18.85905235377015
52,75.41591881268057,-38.02438545834512,0.4329119002352417,25.569397165476225,59.69619020526873,-22.66393271120807,0.5971490997322381,16.06660036911423,63.522444807273914,-25.5999187206838,0.557228501755742,17.61481210464862,54.98636989359811,-20.86289730119185,0.6047040766242389,16.11952098244982,59.499342370501495,-24.224542875813714,0.557111953804104,17.804485791132475
53,222.15534854953103,-32.68464563339249,1.1421325847288064,30.04795460726486,118.59547692386303,-19.778005700622348,1.194367085174234,18.034031627184383,137.75801359889428,-22.24654450296678,1.1899077756713603,20.114146498921805,112.2381368601217,-17.899100439491733,1.2646895476579418,18.035445855026044,132.00470885009787,-20.799229198753522,1.2324528713797331,20.24131397202422
54,124.2612943203397,-27.268058861426525,0.8978620127799507,28.585424144437376,81.61570402016407,-15.11969245129916,1.1616136493977065,17.553538558116113,90.54837444479486,-17.645361357021017,1.0826540721256246,19.43895366233193,76.32563642736498,-14.776500746171328,1.12507510145118,17.541374789595242,85.92618973468942,-16.57405728671324,1.104942865412803,19.558784226868802
55,103.44968848504888,-24.616767808610618,0.862766448962383,25.612464459991102,71.62165585005751,-18.662875885727026,0.8451372237270521,16.455571830238352,78.37353669326654,-19.82912788204946,0.8568413435977359,17.963582776407065,66.76084298407031,-15.17271997450692,0.9803272359245023,16.30419203407704,74.1858727182197,-17.082623983453605,0.9506268298639623,17.972546796068052
56,143.52655862083728,-32.762335197776856,0.8331556289655929,27.143737585944482,88.33695265799035,-18.49154224010968,1.0127556252893966,17.169580765726028,99.27339057325175,-21.475667065213212,0.9572963377907113,18.85292332052233,82.93060437807884,-17.24488054914042,1.0318096145999194,17.088085907641144,94.52170906848511,-20.57386754656283,0.9610348869150702,18.9165403519259
57,109.95730415897609,-29.53371123260371,0.754325475562647,27.908515393878307,75.6899663723994,-17.572222795461833,0.9395804244040378,17.03650771965173,83.12157637596687,-19.65246606970441,0.907100693047105,18.871015198942196,70.40136827355809,-15.613397628694337,0.9958689353653616,17.184470222841814,78.50812995597225,-18.265184963402735,0.9315179023065778,19.13266921334889
58,208.2748181762651,-34.079411459623046,1.0475503618140434,27.55687505353976,112.39915841152795,-19.147083243372343,1.1835759635263123,17.114591666814274,130.0713941677473,-22.332581329047805,1.1350825270225988,18.876830690565313,106.26051295695147,-18.009908429010224,1.2043617662326414,17.07391524426287,124.54290943037729,-21.465536810936136,1.1425440784298126,18.975843309480325
59,60.89973786624307,-25.662328773565513,0.5363943318574999,27.2945581319103,53.522307490957964,-14.006564793353926,0.8800458176688319,16.83319247376114,55.8258095510685,-16.084759496541857,0.7945998222015077,18.585945171760088,48.94377581110836,-13.123741800296562,0.8692650919909053,16.936818993218505,51.94218770724775,-15.22632922213274,0.788879984824647,18.81169263572719
