key,buy_high_min,buy_high_max,sector_high_min,sector_high_max,volume_z_min,fear_lookback,fear_threshold,volume_lookback,low_count_min,arm_window,exit_atr,max_positions,sectors,in_signals,in_median,in_mdd,in_calmar,out_median,out_mdd,out_calmar,win_pct
winner,2,4,2,2,1.0,3,40.0,20,9,0,2.0,8,default54,748,42.2,-16.91,0.897,-4.84,-16.66,-0.244,46.66
fear30,2,4,2,2,1.0,3,30.0,20,9,0,2.0,8,default54,286,28.16,-21.22,0.493,-7.11,-24.66,-0.242,43.36
fear35,2,4,2,2,1.0,3,35.0,20,9,0,2.0,8,default54,507,29.04,-20.31,0.531,0.63,-16.88,0.031,46.75
fear40,2,4,2,2,1.0,3,40.0,20,9,0,2.0,8,default54,748,42.2,-16.91,0.897,-4.84,-16.66,-0.244,46.66
fear45,2,4,2,2,1.0,3,45.0,20,9,0,2.0,8,default54,1035,31.71,-21.92,0.533,-9.06,-19.55,-0.391,45.6
fear50,2,4,2,2,1.0,3,50.0,20,9,0,2.0,8,default54,1266,12.57,-37.59,0.129,-9.0,-19.63,-0.386,49.76
vollook10,2,4,2,2,1.0,3,40.0,10,9,0,2.0,8,default54,2417,16.95,-41.97,0.155,-12.28,-19.19,-0.54,53.79
vollook20,2,4,2,2,1.0,3,40.0,20,9,0,2.0,8,default54,748,42.2,-16.91,0.897,-4.84,-16.66,-0.244,46.66
vollook40,2,4,2,2,1.0,3,40.0,40,9,0,2.0,8,default54,2417,16.95,-41.97,0.155,-12.28,-19.19,-0.54,53.79
vollook60,2,4,2,2,1.0,3,40.0,60,9,0,2.0,8,default54,2417,16.95,-41.97,0.155,-12.28,-19.19,-0.54,53.79
sect12,2,4,1,2,1.0,3,40.0,20,9,0,2.0,8,default54,396,17.47,-27.77,0.24,-17.66,-29.29,-0.512,55.05
sect22,2,4,2,2,1.0,3,40.0,20,9,0,2.0,8,default54,748,42.2,-16.91,0.897,-4.84,-16.66,-0.244,46.66
sect23,2,4,2,3,1.0,3,40.0,20,9,0,2.0,8,default54,748,42.2,-16.91,0.897,-4.84,-16.66,-0.244,46.66
sect13,2,4,1,3,1.0,3,40.0,20,9,0,2.0,8,default54,396,17.47,-27.77,0.24,-17.66,-29.29,-0.512,55.05
low7,2,4,2,2,1.0,3,40.0,20,7,0,2.0,8,default54,1222,28.78,-22.38,0.478,7.36,-16.25,0.376,47.71
low8,2,4,2,2,1.0,3,40.0,20,8,0,2.0,8,default54,977,36.08,-18.2,0.723,5.48,-14.71,0.31,45.75
low9,2,4,2,2,1.0,3,40.0,20,9,0,2.0,8,default54,748,42.2,-16.91,0.897,-4.84,-16.66,-0.244,46.66
low10,2,4,2,2,1.0,3,40.0,20,10,0,2.0,8,default54,546,1.55,-28.29,0.022,2.53,-20.76,0.102,45.97
low11,2,4,2,2,1.0,3,40.0,20,11,0,2.0,8,default54,391,-10.8,-40.57,-0.11,1.58,-19.49,0.068,45.78
low12,2,4,2,2,1.0,3,40.0,20,12,0,2.0,8,default54,273,-19.9,-43.86,-0.194,19.85,-23.16,0.705,43.59
arm0,2,4,2,2,1.0,3,40.0,20,9,0,2.0,8,default54,748,42.2,-16.91,0.897,-4.84,-16.66,-0.244,46.66
arm1,2,4,2,2,1.0,3,40.0,20,9,1,2.0,8,default54,1123,41.02,-17.7,0.836,-10.48,-21.73,-0.407,47.37
arm2,2,4,2,2,1.0,3,40.0,20,9,2,2.0,8,default54,1481,28.71,-30.96,0.344,-0.98,-17.87,-0.046,48.41
arm3,2,4,2,2,1.0,3,40.0,20,9,3,2.0,8,default54,1627,7.45,-38.47,0.076,1.68,-15.51,0.091,48.68
arm5,2,4,2,2,1.0,3,40.0,20,9,5,2.0,8,default54,1836,-3.88,-41.39,-0.038,3.63,-15.59,0.194,47.98
exitatr1.5,2,4,2,2,1.0,3,40.0,20,9,0,1.5,8,default54,748,20.08,-25.32,0.301,-8.05,-21.93,-0.309,50.67
exitatr2,2,4,2,2,1.0,3,40.0,20,9,0,2.0,8,default54,748,42.2,-16.91,0.897,-4.84,-16.66,-0.244,46.66
exitatr2.5,2,4,2,2,1.0,3,40.0,20,9,0,2.5,8,default54,748,31.22,-19.19,0.6,-8.18,-19.62,-0.351,45.32
exitatr3,2,4,2,2,1.0,3,40.0,20,9,0,3.0,8,default54,748,27.59,-19.16,0.536,-16.94,-26.41,-0.544,44.65
exitlow2,2,4,2,2,1.0,3,40.0,20,9,0,2.0,8,default54,748,42.2,-16.91,0.897,-4.84,-16.66,-0.244,46.66
exitlow3,2,4,2,2,1.0,3,40.0,20,9,0,2.0,8,default54,748,11.72,-27.31,0.167,-9.25,-18.75,-0.416,46.79
exit_nohigh9,2,4,2,2,1.0,3,40.0,20,9,0,2.0,8,default54,748,39.63,-18.29,0.784,-1.55,-16.4,-0.079,39.04
sect_default54,2,4,2,2,1.0,3,40.0,20,9,0,2.0,8,default54,748,42.2,-16.91,0.897,-4.84,-16.66,-0.244,46.66
sect_all64,2,4,2,2,1.0,3,40.0,20,9,0,2.0,8,all64,1545,36.62,-19.52,0.683,-13.65,-23.57,-0.49,42.98
sect_industry,2,4,2,2,1.0,3,40.0,20,9,0,2.0,8,industry,711,44.49,-17.55,0.907,-10.08,-22.14,-0.384,45.99
pos3,2,4,2,2,1.0,3,40.0,20,9,0,2.0,3,default54,748,16.95,-30.32,0.214,-10.62,-21.32,-0.42,46.66
pos4,2,4,2,2,1.0,3,40.0,20,9,0,2.0,4,default54,748,25.38,-27.8,0.342,-16.37,-24.68,-0.562,46.66
pos5,2,4,2,2,1.0,3,40.0,20,9,0,2.0,5,default54,748,36.37,-21.9,0.605,-11.85,-21.73,-0.461,46.66
pos6,2,4,2,2,1.0,3,40.0,20,9,0,2.0,6,default54,748,39.79,-18.81,0.765,-6.24,-19.35,-0.271,46.66
pos8,2,4,2,2,1.0,3,40.0,20,9,0,2.0,8,default54,748,42.2,-16.91,0.897,-4.84,-16.66,-0.244,46.66
pos10,2,4,2,2,1.0,3,40.0,20,9,0,2.0,10,default54,748,35.91,-16.53,0.793,-0.66,-15.1,-0.036,46.66
pos12,2,4,2,2,1.0,3,40.0,20,9,0,2.0,12,default54,748,32.6,-16.86,0.711,0.72,-15.18,0.039,46.66
