index_code,metric,side,events,mean_5d,mean_10d,mean_20d,positive_20d
000015.SH,high7_9_share,high,19,0.0055452273,0.0055173165,0.026689818,0.9473684210526315
000015.SH,high7_9_weighted,high,16,0.003273569,0.002461791,0.023872256,0.875
000015.SH,high9_share,high,33,-0.0011806993,0.0018084898,0.008472497,0.6363636363636364
000015.SH,low7_9_share,low,20,0.0053953407,0.020246,0.03789539,0.7
000015.SH,low7_9_weighted,low,18,0.0022396147,0.012912525,0.04011707,0.7222222222222222
000015.SH,low9_share,low,26,0.0050231335,0.016589139,0.019240819,0.6538461538461539
000300.SH,high7_9_share,high,18,-0.0031732155,-0.00301979,-0.004217648,0.5
000300.SH,high7_9_weighted,high,17,0.0032344882,0.006963418,0.009574827,0.5294117647058824
000300.SH,high9_share,high,24,-0.0042105964,-0.0018257871,0.0040731826,0.5416666666666666
000300.SH,low7_9_share,low,18,0.010882308,0.018832436,0.019407375,0.5555555555555556
000300.SH,low7_9_weighted,low,18,0.011132866,0.011777222,0.023360023,0.6111111111111112
000300.SH,low9_share,low,29,0.002879416,0.0067248223,0.008887254,0.5172413793103449
000688.SH,high7_9_share,high,26,-0.010831769,-0.01859076,-0.0130073195,0.5769230769230769
000688.SH,high7_9_weighted,high,26,-0.021458345,-0.018489322,-0.021681944,0.5769230769230769
000688.SH,high9_share,high,39,-0.0026375835,-0.015149975,-0.0096396655,0.5641025641025641
000688.SH,low7_9_share,low,30,-0.007159879,0.004215753,0.015522975,0.4666666666666667
000688.SH,low7_9_weighted,low,27,-0.0057980726,-0.002722175,0.0010261955,0.3333333333333333
000688.SH,low9_share,low,36,-0.0070172846,0.002465619,0.0041152635,0.3888888888888889
000698.SH,high7_9_share,high,16,-0.00025419146,-0.014850572,-0.013394147,0.5
000698.SH,high7_9_weighted,high,14,-0.015388442,-0.026776489,-0.026888857,0.42857142857142855
000698.SH,high9_share,high,19,-0.028437536,-0.029641032,-0.030528188,0.42105263157894735
000698.SH,low7_9_share,low,11,-0.00057520106,0.014840099,0.08587748,0.7272727272727273
000698.SH,low7_9_weighted,low,9,0.0022282202,0.011780964,0.08776215,0.6666666666666666
000698.SH,low9_share,low,14,-0.0076916046,0.012377062,0.034999214,0.42857142857142855
000813.CSI,high7_9_share,high,20,-0.002690342,-6.8604946e-05,-0.01591236,0.4
000813.CSI,high7_9_weighted,high,24,-0.004791019,0.0030376092,-0.0015574495,0.4166666666666667
000813.CSI,high9_share,high,29,-0.005843105,0.0082141515,0.009181487,0.5172413793103449
000813.CSI,low7_9_share,low,26,0.0032687348,0.0058581647,0.00919226,0.5384615384615384
000813.CSI,low7_9_weighted,low,26,-0.003239696,0.008130046,-0.0020516561,0.38461538461538464
000813.CSI,low9_share,low,29,-0.013965516,-0.0060164537,-0.004451096,0.3448275862068966
000819.SH,high7_9_share,high,37,0.009665233,-0.002107016,-0.0055331155,0.4864864864864865
000819.SH,high7_9_weighted,high,33,0.009139007,0.005629848,-0.0120047275,0.45454545454545453
000819.SH,high9_share,high,40,-0.0006466776,-0.007156226,-0.006743282,0.475
000819.SH,low7_9_share,low,32,0.020458115,0.018870244,0.047985435,0.71875
000819.SH,low7_9_weighted,low,31,0.01575659,0.013284191,0.038533483,0.6774193548387096
000819.SH,low9_share,low,36,0.0074233613,0.012598574,0.028742863,0.5555555555555556
000905.SH,high7_9_share,high,23,-0.006280026,-0.007990135,-0.011297197,0.391304347826087
000905.SH,high7_9_weighted,high,21,-0.00824414,-0.0127203865,-0.0134046925,0.38095238095238093
000905.SH,high9_share,high,26,-0.015125827,-0.01843982,-0.023489894,0.2692307692307692
000905.SH,low7_9_share,low,23,0.010991408,0.023067847,0.03662645,0.6956521739130435
000905.SH,low7_9_weighted,low,24,0.0073567084,0.022147303,0.029966809,0.6666666666666666
000905.SH,low9_share,low,29,0.0016635328,0.0069969357,0.01621842,0.6551724137931034
000932.SH,high7_9_share,high,23,-0.0028185975,0.0038552466,0.00627512,0.5652173913043478
000932.SH,high7_9_weighted,high,28,0.015365503,0.008583908,0.016005991,0.5714285714285714
000932.SH,high9_share,high,30,-0.0071148635,0.00087136426,0.0007264992,0.6333333333333333
000932.SH,low7_9_share,low,31,-0.0043868343,0.0073463647,-0.016561422,0.3870967741935484
000932.SH,low7_9_weighted,low,28,0.004076149,0.012228517,-0.015068154,0.35714285714285715
000932.SH,low9_share,low,37,-0.0030126555,-0.0038749012,-0.016612941,0.32432432432432434
000933.SH,high7_9_share,high,17,0.00030550535,-0.0045672865,0.0070032515,0.5882352941176471
000933.SH,high7_9_weighted,high,19,0.0073783617,0.0047565387,0.007348964,0.631578947368421
000933.SH,high9_share,high,20,-0.0029694228,-0.0012749434,-0.0036698938,0.5
000933.SH,low7_9_share,low,25,0.008888657,0.00065410853,0.00061191083,0.44
000933.SH,low7_9_weighted,low,28,0.007014398,0.010281111,0.007348018,0.5
000933.SH,low9_share,low,34,0.0059499023,0.008861089,0.012047978,0.47058823529411764
000949.CSI,high7_9_share,high,22,0.0060556014,0.0056396993,0.008949713,0.5909090909090909
000949.CSI,high7_9_weighted,high,20,0.0047613145,0.00050326285,0.002633196,0.5
000949.CSI,high9_share,high,26,-0.00016678068,-0.0070000407,-0.004321715,0.46153846153846156
000949.CSI,low7_9_share,low,23,-0.003946672,0.009790612,-0.003710332,0.5217391304347826
000949.CSI,low7_9_weighted,low,22,0.0011415969,0.016887862,-0.00016652996,0.45454545454545453
000949.CSI,low9_share,low,29,0.0072506582,0.008342874,-0.0068164673,0.5172413793103449
000985.SH,high7_9_share,high,15,-0.0031692584,-0.0060203713,-0.009317875,0.4
000985.SH,high7_9_weighted,high,20,-0.009358784,-0.011578003,-0.01368236,0.5
000985.SH,high9_share,high,22,-0.008777093,-0.004314317,-0.006140582,0.45454545454545453
000985.SH,low7_9_share,low,23,0.011431212,0.0163917,0.026697446,0.6086956521739131
000985.SH,low7_9_weighted,low,22,0.010585771,0.02206686,0.029689306,0.5909090909090909
000985.SH,low9_share,low,27,0.005766056,0.015665447,0.025946394,0.6296296296296297
000987.SH,high7_9_share,high,28,-3.2229084e-06,-0.01015916,-0.018097518,0.35714285714285715
000987.SH,high7_9_weighted,high,24,-0.000120175384,-0.005605422,-0.015169169,0.375
000987.SH,high9_share,high,30,0.0021006188,-0.007400958,-0.0034140944,0.43333333333333335
000987.SH,low7_9_share,low,24,0.009975582,0.015517093,0.021958562,0.5833333333333334
000987.SH,low7_9_weighted,low,22,0.005427805,0.004385951,0.018293865,0.6363636363636364
000987.SH,low9_share,low,32,0.006781146,0.0109659415,0.014449704,0.46875
000989.SH,high7_9_share,high,20,-0.008756963,-0.0054496797,-0.00860171,0.55
000989.SH,high7_9_weighted,high,14,-0.006211924,-0.0015593426,-0.0150671555,0.5714285714285714
000989.SH,high9_share,high,21,-0.00377745,0.0032767286,-0.00048593964,0.5714285714285714
000989.SH,low7_9_share,low,24,0.008287601,0.0037784502,-0.0040081567,0.4166666666666667
000989.SH,low7_9_weighted,low,24,0.0026943039,0.0026426215,-0.0029236153,0.4166666666666667
000989.SH,low9_share,low,28,0.0022249732,0.0067613595,0.0020808855,0.4642857142857143
000991.SH,high7_9_share,high,20,0.009524345,0.0016135096,0.010266041,0.6
000991.SH,high7_9_weighted,high,21,0.008010791,0.0052402928,0.0071176034,0.6190476190476191
000991.SH,high9_share,high,19,-4.17358e-05,-0.0052654305,0.0044696424,0.42105263157894735
000991.SH,low7_9_share,low,28,0.01141543,0.0056897337,0.0062813056,0.42857142857142855
000991.SH,low7_9_weighted,low,30,0.007531323,0.011952528,0.0073278723,0.4666666666666667
000991.SH,low9_share,low,31,0.00606817,0.010301424,0.016314624,0.5483870967741935
000993.SH,high7_9_share,high,23,-0.01728767,-0.031968012,-0.013034144,0.43478260869565216
000993.SH,high7_9_weighted,high,24,-0.015993757,-0.026004732,-0.024359113,0.4166666666666667
000993.SH,high9_share,high,25,-0.020983638,-0.022748806,-0.027072428,0.4
000993.SH,low7_9_share,low,24,-0.014538191,0.0043091252,0.01831092,0.4583333333333333
000993.SH,low7_9_weighted,low,22,-0.009853718,-0.0027830629,0.003486143,0.36363636363636365
000993.SH,low9_share,low,29,-0.021648442,-0.011639251,0.0057690903,0.3793103448275862
000994.CSI,high7_9_share,high,24,-0.013208832,-0.012787898,-0.029009417,0.3333333333333333
000994.CSI,high7_9_weighted,high,27,-0.0058807754,-0.013152975,-0.02600089,0.2962962962962963
000994.CSI,high9_share,high,32,-0.009327691,-0.012146713,-0.016155573,0.46875
000994.CSI,low7_9_share,low,25,0.0004745865,-0.0030650306,0.00020460128,0.44
000994.CSI,low7_9_weighted,low,28,-0.00019791935,-0.008139125,0.01484251,0.5
000994.CSI,low9_share,low,31,0.0050874776,-0.0012768565,0.008759618,0.4838709677419355
000995.CSI,high7_9_share,high,19,-0.0015050957,-0.003267329,-0.00037394385,0.5789473684210527
000995.CSI,high7_9_weighted,high,21,0.0062754266,-0.0029518206,0.011799943,0.6666666666666666
000995.CSI,high9_share,high,33,0.0075037894,0.012000528,0.015969459,0.6666666666666666
000995.CSI,low7_9_share,low,19,-0.0009693064,-0.0012313535,0.0075711138,0.5263157894736842
000995.CSI,low7_9_weighted,low,14,-0.004854006,-0.0014630726,0.015652554,0.5714285714285714
000995.CSI,low9_share,low,21,0.00430448,0.017825225,0.025685962,0.6666666666666666
399006.SZ,high7_9_share,high,22,-0.016035145,-0.023798974,-0.026293462,0.45454545454545453
399006.SZ,high7_9_weighted,high,26,-0.0036861966,-0.015518514,-0.014862031,0.46153846153846156
399006.SZ,high9_share,high,32,-0.015228113,-0.016690714,-0.017668575,0.53125
399006.SZ,low7_9_share,low,28,0.003921249,0.013489361,0.0068439716,0.42857142857142855
399006.SZ,low7_9_weighted,low,23,0.002713758,0.007531259,-0.005846884,0.391304347826087
399006.SZ,low9_share,low,36,0.00092202757,0.0043189856,0.0067616403,0.4444444444444444
399967.SZ,high7_9_share,high,27,0.016120072,-0.00301007,0.0029295308,0.6296296296296297
399967.SZ,high7_9_weighted,high,30,0.011544822,-0.0025259494,-0.00021719138,0.6666666666666666
399967.SZ,high9_share,high,34,-0.00026912548,-0.010361411,-0.015597254,0.5882352941176471
399967.SZ,low7_9_share,low,34,0.004284687,0.005683096,0.013058426,0.5588235294117647
399967.SZ,low7_9_weighted,low,32,0.00676997,0.0018779859,0.0127463285,0.53125
399967.SZ,low9_share,low,36,-0.0022894458,0.0056156167,0.015209983,0.5833333333333334
399971.SZ,high7_9_share,high,19,-0.021213256,-0.017027074,-0.017014269,0.3684210526315789
399971.SZ,high7_9_weighted,high,20,-0.018668592,-0.016614348,-0.020297179,0.35
399971.SZ,high9_share,high,31,-0.008114415,-0.014747483,-0.012850246,0.41935483870967744
399971.SZ,low7_9_share,low,28,0.0022954175,0.0012671927,0.005457523,0.42857142857142855
399971.SZ,low7_9_weighted,low,29,-0.010825203,-0.0017938984,-0.008292474,0.3448275862068966
399971.SZ,low9_share,low,30,-0.0030998825,-0.0028814315,-0.0061763744,0.36666666666666664
399975.SZ,high7_9_share,high,22,-0.025782965,-0.0144575,-0.016923694,0.36363636363636365
399975.SZ,high7_9_weighted,high,23,-0.031031769,-0.0064677624,-0.0147056915,0.43478260869565216
399975.SZ,high9_share,high,28,-0.014794522,0.0032424245,0.0072233314,0.6785714285714286
399975.SZ,low7_9_share,low,27,0.002807732,0.0034104872,0.0016620093,0.5925925925925926
399975.SZ,low7_9_weighted,low,29,-0.0004835622,0.002799402,0.0035244103,0.6206896551724138
399975.SZ,low9_share,low,37,0.0015612986,0.008784729,0.010441544,0.5405405405405406
399986.SZ,high7_9_share,high,20,-0.0021727711,0.0033703805,0.00033530593,0.45
399986.SZ,high7_9_weighted,high,21,-0.0036802548,0.0013777132,-0.0076304134,0.42857142857142855
399986.SZ,high9_share,high,27,0.0041133077,0.0114137335,-0.0007898079,0.48148148148148145
399986.SZ,low7_9_share,low,12,0.0147688985,0.019484296,0.023216376,0.75
399986.SZ,low7_9_weighted,low,16,0.0068848096,0.011649307,0.008004747,0.5625
399986.SZ,low9_share,low,25,0.0035390044,0.0087775085,0.011362285,0.52
399989.SZ,high7_9_share,high,25,0.013541086,0.020442875,0.018164488,0.56
399989.SZ,high7_9_weighted,high,25,-0.0009366035,0.005445576,0.00919472,0.48
399989.SZ,high9_share,high,31,-0.017255442,-0.002339913,0.00097586453,0.5161290322580645
399989.SZ,low7_9_share,low,37,-0.0034759336,-0.0067751585,-0.0089858705,0.40540540540540543
399989.SZ,low7_9_weighted,low,36,0.0020972837,-0.0056654713,-0.003936491,0.4444444444444444
399989.SZ,low9_share,low,48,-0.0024094817,-0.0032706931,-0.00027521327,0.3958333333333333
399995.SZ,high7_9_share,high,22,-0.001998961,-0.0043329108,0.0033947201,0.6363636363636364
399995.SZ,high7_9_weighted,high,22,0.0067415372,0.006341864,0.01224174,0.5454545454545454
399995.SZ,high9_share,high,32,0.0013043955,0.0035328697,0.007962694,0.5
399995.SZ,low7_9_share,low,25,0.00396481,-0.002592666,-0.0006581378,0.28
399995.SZ,low7_9_weighted,low,24,0.003573348,0.0015079752,0.010852451,0.4583333333333333
399995.SZ,low9_share,low,34,0.0012524286,0.0064780153,0.021016171,0.4411764705882353
399997.SZ,high7_9_share,high,15,0.008692912,0.022779047,0.023905361,0.6
399997.SZ,high7_9_weighted,high,17,0.0020641088,0.0025590237,0.01039295,0.47058823529411764
399997.SZ,low7_9_share,low,26,-0.006432437,0.013220294,-0.0038877726,0.4230769230769231
399997.SZ,low7_9_weighted,low,23,-0.005858883,0.011912727,-0.015975576,0.2608695652173913
399997.SZ,low9_share,low,38,-0.011003659,-0.0032783041,-0.025179537,0.34210526315789475
399998.SZ,high7_9_share,high,29,-0.0014816255,0.007448293,0.0026263637,0.5172413793103449
399998.SZ,high7_9_weighted,high,32,0.003463203,0.0053365324,0.0066624507,0.5625
399998.SZ,high9_share,high,36,0.000324241,-0.0007038812,-0.0034235534,0.4722222222222222
399998.SZ,low7_9_share,low,26,0.013922847,0.02722322,0.049293235,0.6538461538461539
399998.SZ,low7_9_weighted,low,23,0.006810668,0.021137323,0.032017503,0.6521739130434783
399998.SZ,low9_share,low,29,0.0014163132,0.006750181,0.009858004,0.5862068965517241
930598.CSI,high7_9_share,high,21,-0.010736298,-0.03640465,-0.0376332,0.47619047619047616
930598.CSI,high7_9_weighted,high,24,-0.010208811,-0.009063725,-0.0065143704,0.625
930598.CSI,high9_share,high,36,-0.0121146785,-0.020925358,-0.017314604,0.4722222222222222
930598.CSI,low7_9_share,low,30,0.009913441,0.007101198,0.017143613,0.5333333333333333
930598.CSI,low7_9_weighted,low,28,0.010117923,0.009789835,0.02470325,0.5357142857142857
930598.CSI,low9_share,low,32,0.015196351,0.013751585,0.016639719,0.5
930606.CSI,high7_9_share,high,18,-0.0062818294,-0.016832719,-0.028278066,0.2777777777777778
930606.CSI,high7_9_weighted,high,20,-0.00890485,-0.019637177,-0.029285181,0.4
930606.CSI,high9_share,high,28,-0.005751859,0.00039208788,-0.0042880243,0.39285714285714285
930606.CSI,low7_9_share,low,25,-0.00020181894,0.012921086,0.014949429,0.56
930606.CSI,low7_9_weighted,low,24,-0.0012853518,0.0107433675,0.017268064,0.5416666666666666
930606.CSI,low9_share,low,28,-0.0015300129,0.004915993,0.0014040832,0.4642857142857143
930618.CSI,high7_9_share,high,20,-0.008476332,-0.008101612,-0.003283587,0.55
930618.CSI,high7_9_weighted,high,22,-0.0053273276,-0.0010991449,-0.0014818582,0.5
930618.CSI,high9_share,high,31,0.00075104734,0.007533835,-0.005064297,0.5161290322580645
930618.CSI,low7_9_share,low,30,0.0046604373,0.008561458,0.011357478,0.5333333333333333
930618.CSI,low7_9_weighted,low,28,0.0053274333,0.0053871977,0.01004702,0.5
930618.CSI,low9_share,low,38,0.0049328036,0.004839723,0.013864854,0.5789473684210527
930633.CSI,high7_9_share,high,23,0.010992223,0.024259917,0.026141882,0.5652173913043478
930633.CSI,high7_9_weighted,high,22,0.005670537,0.0179106,0.010709047,0.5
930633.CSI,high9_share,high,24,0.00028975555,0.024268558,0.021600068,0.5833333333333334
930633.CSI,low7_9_share,low,22,0.0012918576,-0.014881741,-0.0069340225,0.5
930633.CSI,low7_9_weighted,low,24,-0.00019782037,0.009560972,0.00477881,0.5833333333333334
930633.CSI,low9_share,low,26,-0.00892602,-0.010115413,-0.017977834,0.5384615384615384
930641.CSI,high7_9_share,high,19,-0.003539399,-0.006678349,-0.010475491,0.631578947368421
930641.CSI,high7_9_weighted,high,20,-0.007064986,-0.0051576346,-0.0052352073,0.6
930641.CSI,high9_share,high,28,0.0025361627,0.0012629883,0.010048886,0.6428571428571429
930641.CSI,low7_9_share,low,21,-0.00370488,0.011629465,0.013094133,0.5238095238095238
930641.CSI,low7_9_weighted,low,20,0.0005779475,0.01888961,0.015797239,0.45
930641.CSI,low9_share,low,30,0.0023721019,0.0030663987,0.0050156256,0.5
930651.CSI,high7_9_share,high,21,-0.013779183,-0.018511029,-0.010990444,0.5238095238095238
930651.CSI,high7_9_weighted,high,19,-0.027675258,-0.033739362,-0.028834412,0.42105263157894735
930651.CSI,high9_share,high,29,-0.020809855,-0.018845538,-0.012609459,0.4482758620689655
930651.CSI,low7_9_share,low,29,-0.018310037,-0.019504523,-0.0013269803,0.3793103448275862
930651.CSI,low7_9_weighted,low,28,-0.01294925,-0.011656259,-0.008629312,0.35714285714285715
930651.CSI,low9_share,low,32,-0.007262768,-0.011939792,-0.0037890691,0.34375
930707.CSI,high7_9_share,high,22,0.0021291971,-0.00295315,0.0056799594,0.6363636363636364
930707.CSI,high7_9_weighted,high,21,0.006467459,-0.0014025257,0.010185577,0.6666666666666666
930707.CSI,high9_share,high,26,0.007402936,0.013595925,0.018478457,0.6538461538461539
930707.CSI,low7_9_share,low,22,0.00552437,0.02169712,-0.0020362437,0.5454545454545454
930707.CSI,low7_9_weighted,low,21,0.0027705147,0.026379628,0.0015219422,0.5714285714285714
930707.CSI,low9_share,low,30,-0.0030968944,0.00053741137,0.0016323447,0.5333333333333333
930726.CSI,high7_9_share,high,19,0.009021722,0.008048259,0.014253397,0.5789473684210527
930726.CSI,high7_9_weighted,high,20,0.010911236,0.010599459,0.011786744,0.6
930726.CSI,high9_share,high,27,0.0006062168,-0.0035959438,0.0138181755,0.5925925925925926
930726.CSI,low7_9_share,low,32,0.0013467614,-0.0097983405,-0.011938788,0.3125
930726.CSI,low7_9_weighted,low,32,0.002942808,-0.0040508937,-0.005333578,0.34375
930726.CSI,low9_share,low,37,-0.0020843358,-0.0005590481,-0.0023174076,0.43243243243243246
930851.CSI,high7_9_share,high,23,-0.0076305657,-0.028470032,-0.030547868,0.43478260869565216
930851.CSI,high7_9_weighted,high,22,-0.031007236,-0.0230516,-0.025051456,0.4090909090909091
930851.CSI,high9_share,high,32,-0.021483056,-0.02623615,-0.04316064,0.4375
930851.CSI,low7_9_share,low,28,-0.005837928,-0.0015084893,0.0041069943,0.4642857142857143
930851.CSI,low7_9_weighted,low,24,-0.005550181,-0.00042087337,0.00093672174,0.4166666666666667
930851.CSI,low9_share,low,29,-0.014209918,-0.010476176,-0.014000903,0.3448275862068966
930901.CSI,high7_9_share,high,27,0.0021599685,-0.0026137764,-0.006714229,0.4444444444444444
930901.CSI,high7_9_weighted,high,24,-0.003538688,-0.0050824904,-0.0069357455,0.5
930901.CSI,high9_share,high,35,-0.0016166499,-0.014292441,-0.02963015,0.37142857142857144
930901.CSI,low7_9_share,low,27,-0.0008009363,0.00013403098,0.0018679389,0.3333333333333333
930901.CSI,low7_9_weighted,low,28,0.00086680695,0.008126416,0.021013737,0.35714285714285715
930901.CSI,low9_share,low,36,0.00031901564,0.0022832006,0.008550891,0.5
930997.CSI,high7_9_share,high,32,0.012306325,-0.017040512,-0.033200156,0.40625
930997.CSI,high7_9_weighted,high,28,0.0062139696,-0.022716118,-0.030855099,0.39285714285714285
930997.CSI,high9_share,high,39,-0.022206403,-0.03214874,-0.055874623,0.358974358974359
930997.CSI,low7_9_share,low,35,-0.0021158985,-0.0055157593,-0.014612085,0.37142857142857144
930997.CSI,low7_9_weighted,low,35,0.0034017477,0.0050680637,0.005009193,0.42857142857142855
930997.CSI,low9_share,low,43,-0.004435484,-0.005505904,0.0030699747,0.5813953488372093
931009.CSI,high7_9_share,high,17,-0.0019643658,-0.009338593,0.0049798805,0.7058823529411765
931009.CSI,high7_9_weighted,high,17,-0.0020026213,-0.00016690353,0.012649095,0.6470588235294118
931009.CSI,high9_share,high,17,-0.0024687822,0.008814005,0.020403417,0.7058823529411765
931009.CSI,low7_9_share,low,27,0.0009819181,-0.0029869874,-0.0074408166,0.5185185185185185
931009.CSI,low7_9_weighted,low,26,-0.006798673,0.0072733737,-0.007192293,0.46153846153846156
931009.CSI,low9_share,low,37,-0.0015572486,0.0035986095,-0.0031509593,0.40540540540540543
931151.CSI,high7_9_share,high,23,0.00019361921,-0.0020997394,-0.0197951,0.4782608695652174
931151.CSI,high7_9_weighted,high,22,-0.009099438,-0.010112836,-0.016994787,0.5
931151.CSI,high9_share,high,31,-0.0032601606,0.0024899226,0.0003776262,0.5161290322580645
931151.CSI,low7_9_share,low,28,-0.020178387,-0.014637174,-0.018840728,0.35714285714285715
931151.CSI,low7_9_weighted,low,26,-0.014841174,-0.022023983,-0.03074431,0.34615384615384615
931151.CSI,low9_share,low,35,-0.027561657,-0.020178387,-0.029552728,0.37142857142857144
931152.CSI,high7_9_share,high,21,0.018223438,0.0058468096,0.013644241,0.6190476190476191
931152.CSI,high7_9_weighted,high,23,0.014836493,0.005753393,0.019076413,0.6956521739130435
931152.CSI,high9_share,high,29,0.0016700708,-0.0053352695,0.0062127914,0.6206896551724138
931152.CSI,low7_9_share,low,27,0.005025307,-0.0070555694,-0.010901268,0.3333333333333333
931152.CSI,low7_9_weighted,low,26,-0.0010183018,-0.01372714,-0.0023571688,0.4230769230769231
931152.CSI,low9_share,low,35,-0.0046063527,-0.00024233376,0.0044916375,0.42857142857142855
931160.CSI,high7_9_share,high,29,-0.0075701824,-0.022504073,-0.031084698,0.4482758620689655
931160.CSI,high7_9_weighted,high,29,-0.007018957,-0.034551915,-0.04303854,0.41379310344827586
931160.CSI,high9_share,high,37,-0.024206458,-0.031448424,-0.056963548,0.40540540540540543
931160.CSI,low7_9_share,low,25,-0.011758437,-0.0028654195,-0.0010138631,0.48
931160.CSI,low7_9_weighted,low,24,-0.008215196,-0.016923346,0.008992429,0.5
931160.CSI,low9_share,low,28,-0.0012814531,-0.005304309,0.013805381,0.5357142857142857
931230.CSI,high7_9_share,high,19,-0.010863182,-0.01002397,-0.005871892,0.631578947368421
931230.CSI,high7_9_weighted,high,24,-0.008885503,-0.002515408,-0.01644434,0.625
931230.CSI,high9_share,high,26,-0.021589054,-0.015293813,-0.0139717115,0.46153846153846156
931230.CSI,low7_9_share,low,24,-0.0051316693,-0.011082117,-0.012184997,0.3333333333333333
931230.CSI,low7_9_weighted,low,22,-0.019787125,-0.022396691,-0.031266123,0.36363636363636365
931230.CSI,low9_share,low,32,-0.010409988,-0.006931899,-0.014261164,0.34375
931743.CSI,high7_9_share,high,28,-0.016267883,-0.033219777,-0.048323173,0.39285714285714285
931743.CSI,high7_9_weighted,high,24,-0.026691409,-0.045270015,-0.05093232,0.375
931743.CSI,high9_share,high,27,-0.027227385,-0.05010967,-0.06251207,0.3333333333333333
931743.CSI,low7_9_share,low,29,0.007960038,0.011719954,0.033983603,0.6206896551724138
931743.CSI,low7_9_weighted,low,29,0.0028642705,-0.010578532,0.009485814,0.5172413793103449
931743.CSI,low9_share,low,32,0.002344139,-0.008500682,0.017945532,0.53125
931752.CSI,high7_9_share,high,23,-0.010193682,-0.008062873,-0.013596496,0.34782608695652173
931752.CSI,high7_9_weighted,high,22,-0.007912422,-0.010400918,-0.014210343,0.4090909090909091
931752.CSI,high9_share,high,31,-0.013469781,-0.012536168,-0.01737822,0.3870967741935484
931752.CSI,low7_9_share,low,19,-0.003923805,0.002702142,0.0034914957,0.5263157894736842
931752.CSI,low7_9_weighted,low,18,0.0006334351,-0.000767986,0.002358238,0.4444444444444444
931752.CSI,low9_share,low,24,0.0026010573,0.0102694435,0.011795011,0.5833333333333334
931775.CSI,high7_9_share,high,19,-0.01791937,0.0007834874,0.018750325,0.5789473684210527
931775.CSI,high7_9_weighted,high,20,-0.018697063,-0.0039395513,0.017934721,0.6
931775.CSI,high9_share,high,23,-0.008555687,-0.0038851188,0.014626417,0.6086956521739131
931775.CSI,low7_9_share,low,22,0.0035474652,0.0023522647,0.012367595,0.45454545454545453
931775.CSI,low7_9_weighted,low,24,7.0633985e-05,-0.0022784744,0.005096659,0.5416666666666666
931775.CSI,low9_share,low,28,-0.0011190644,0.0023594839,0.024940306,0.42857142857142855
931994.CSI,high7_9_share,high,18,-0.008688416,-0.008201672,-0.003289302,0.6666666666666666
931994.CSI,high7_9_weighted,high,17,-0.006471655,-0.010959113,-0.0030880184,0.47058823529411764
931994.CSI,high9_share,high,20,-0.009776679,-0.018864632,-0.020458076,0.45
931994.CSI,low7_9_share,low,13,0.009626348,0.01733574,0.024184529,0.6153846153846154
931994.CSI,low7_9_weighted,low,10,0.004298127,-0.0033506393,-0.014890927,0.5
931994.CSI,low9_share,low,15,0.013603675,0.017136391,0.012561551,0.6
980022.SZ,high7_9_share,high,24,-0.0010010973,-0.008063185,-0.0029905562,0.4166666666666667
980022.SZ,high7_9_weighted,high,24,-0.0018931677,-0.0064398125,-0.006855992,0.4166666666666667
980022.SZ,high9_share,high,33,0.0019476395,-0.001970779,-0.0014461478,0.5151515151515151
980022.SZ,low7_9_share,low,31,2.3884159e-05,0.008441237,0.012027739,0.41935483870967744
980022.SZ,low7_9_weighted,low,31,-0.009827946,-0.014675979,0.0068242317,0.4838709677419355
980022.SZ,low9_share,low,41,-0.008637628,-0.011741415,-0.0037372548,0.4146341463414634
980028.SZ,high7_9_share,high,18,-0.010582851,-0.0070441565,-0.008679678,0.4444444444444444
980028.SZ,high7_9_weighted,high,15,-0.009030334,-0.0025203547,-0.0015006582,0.5333333333333333
980028.SZ,high9_share,high,29,-0.0048959767,0.0016469215,0.010589427,0.5517241379310345
980028.SZ,low7_9_share,low,21,0.0060510268,-0.0010109771,-0.0003053773,0.6190476190476191
980028.SZ,low7_9_weighted,low,22,0.007160612,0.00824106,0.004557352,0.5909090909090909
980028.SZ,low9_share,low,31,0.004777612,-0.0050031026,-0.0030684029,0.4838709677419355
H30171.CSI,high7_9_share,high,11,-0.0128927175,-0.0016649257,-0.006826455,0.36363636363636365
H30171.CSI,high7_9_weighted,high,7,-0.013281473,-0.0037184614,-0.006508929,0.42857142857142855
H30171.CSI,high9_share,high,17,-0.0024425527,0.00700018,0.010902335,0.5882352941176471
H30171.CSI,low7_9_share,low,17,0.018161606,0.017978843,0.02934303,0.6470588235294118
H30171.CSI,low7_9_weighted,low,16,0.009690031,0.018733662,0.030248139,0.5625
H30171.CSI,low9_share,low,20,0.0064529865,0.009423828,0.014163467,0.5
H30184.CSI,high7_9_share,high,29,-0.012542932,-0.024288692,-0.027152833,0.4482758620689655
H30184.CSI,high7_9_weighted,high,28,-0.015702145,-0.016824257,-0.039358027,0.42857142857142855
H30184.CSI,high9_share,high,31,-0.029070782,-0.03157487,-0.029964142,0.5161290322580645
H30184.CSI,low7_9_share,low,30,-0.004982716,-0.007996349,0.022024902,0.5333333333333333
H30184.CSI,low7_9_weighted,low,27,-0.0050968397,-0.0050249607,0.02592185,0.5555555555555556
H30184.CSI,low9_share,low,38,-0.009425146,-0.009201038,0.016023159,0.5
H30198.CSI,high7_9_share,high,22,-0.010139533,-0.007189122,-0.020347595,0.5454545454545454
H30198.CSI,high7_9_weighted,high,22,-0.010997195,-0.006146534,-0.017268373,0.5
H30198.CSI,high9_share,high,30,0.0017701904,0.0034290692,-0.0025008938,0.6
H30198.CSI,low7_9_share,low,17,0.0015945154,0.008838306,0.025141744,0.5294117647058824
H30198.CSI,low7_9_weighted,low,22,0.0031764535,0.003331802,0.015313739,0.5454545454545454
H30198.CSI,low9_share,low,24,0.0056058094,0.0059438893,0.021083975,0.625
H30199.CSI,high7_9_share,high,17,0.008664538,-0.0039916774,0.02086347,0.5882352941176471
H30199.CSI,high7_9_weighted,high,19,0.011377341,-0.002588746,0.015480804,0.631578947368421
H30199.CSI,high9_share,high,25,0.0054009724,-0.0007999206,0.014227274,0.72
H30199.CSI,low7_9_share,low,13,-0.0097735245,-0.013367562,-0.015201321,0.3076923076923077
H30199.CSI,low7_9_weighted,low,12,-0.005726402,-0.0045389333,0.009683147,0.4166666666666667
H30199.CSI,low9_share,low,20,0.0057217837,0.0132614765,0.012146285,0.45
H30202.CSI,high7_9_share,high,18,-0.029170718,-0.016670598,-0.010790546,0.5
H30202.CSI,high7_9_weighted,high,18,-0.00918445,-0.008008649,0.0007414685,0.5555555555555556
H30202.CSI,high9_share,high,23,-0.020261286,-0.028961845,-0.010442835,0.4782608695652174
H30202.CSI,low7_9_share,low,35,-0.00972679,-0.008796213,-0.013740807,0.3142857142857143
H30202.CSI,low7_9_weighted,low,32,-0.0077791475,-0.0077279955,-0.013727952,0.375
H30202.CSI,low9_share,low,38,-0.019375883,-0.015604019,-0.028278649,0.2894736842105263
H30217.CSI,high7_9_share,high,19,0.025893625,0.02298724,0.039961874,0.7894736842105263
H30217.CSI,high7_9_weighted,high,17,0.030449703,0.027430102,0.040442675,0.7647058823529411
H30217.CSI,high9_share,high,19,0.0064114393,0.009268664,0.022811959,0.7368421052631579
H30217.CSI,low7_9_share,low,25,-0.0039687823,0.0006518483,0.011257146,0.56
H30217.CSI,low7_9_weighted,low,26,0.0027587323,0.008414262,0.00891025,0.46153846153846156
H30217.CSI,low9_share,low,31,-0.0029629162,0.0059490222,0.0078070355,0.5161290322580645
H30269.CSI,high7_9_share,high,18,0.003294703,0.004556742,0.010167029,0.6111111111111112
H30269.CSI,high7_9_weighted,high,15,0.0010161082,0.001080978,0.010026355,0.5333333333333333
H30269.CSI,high9_share,high,28,-0.0013254966,0.000806834,0.0027852037,0.5
H30269.CSI,low7_9_share,low,16,0.0044754706,-0.00014555827,0.010936506,0.5
H30269.CSI,low7_9_weighted,low,13,0.00014515565,0.00031155348,0.020964704,0.5384615384615384
H30269.CSI,low9_share,low,21,-0.005716985,0.0014280138,0.006215334,0.5714285714285714
H30588.CSI,high7_9_share,high,25,-0.012609465,0.006282523,-0.0026184393,0.48
H30588.CSI,high7_9_weighted,high,25,-0.011662543,0.011890697,0.006040156,0.6
H30588.CSI,high9_share,high,30,-0.009433571,-0.0046371957,0.01010619,0.6333333333333333
H30588.CSI,low7_9_share,low,28,-0.003422933,0.00077095843,0.002270424,0.6071428571428571
H30588.CSI,low7_9_weighted,low,30,-0.0030878028,0.0033544442,0.0074539245,0.6
H30588.CSI,low9_share,low,42,0.0025752457,0.00628251,0.010913768,0.5238095238095238
