date,action,symbol,quantity,price,amount,profit,signal_date,fear_score,volume_ratio,buy_volume_ratio,reason,shares,position_after,cash_after,position_pct_after,holdings_value_after,net_value_after,avg_cost_after
2023-06-27,BUY,510880.SH,393098,2.5438907146453857,999998.3521456718,,2023-06-27,23.9284,2.192843344504115,2.192843344504115,空仓，上证红利 指数贪恐 23.93 极恐放量买入 510880.SH，无估值点位（不设估值闸门）,393098,393098,1.6478543281555176,99.99983521456718,999998.3521456718,1000000.0,2.5438907146453857
2023-08-01,SELL,510880.SH,393098,2.697221279144287,1060272.290389061,60273.93824338913,2023-08-01,72.5851,1.6867891998646605,1.6867891998646605,上证红利 指数贪恐 72.59 到达贪恐阈值即卖（移动止盈=0），无估值点位（不设估值闸门）,393098,0,1060273.9382433891,0.0,0.0,1060273.9382433891,0.0
2023-12-22,BUY,510880.SH,411298,2.5778675079345703,1060271.750278473,,2023-12-22,34.9667,1.7728478002139205,1.7728478002139205,空仓，上证红利 指数贪恐 34.97 极恐放量买入 510880.SH，无估值点位（不设估值闸门）,411298,411298,2.187964916229248,99.99979364154514,1060271.750278473,1060273.9382433891,2.5778675079345703
2024-01-04,SELL,510880.SH,411298,2.6161999702453613,1076037.8153619766,15766.065083503723,2024-01-04,72.217,3.024680016540529,3.024680016540529,上证红利 指数贪恐 72.22 到达贪恐阈值即卖（移动止盈=0），无估值点位（不设估值闸门）,411298,0,1076040.0033268929,0.0,0.0,1076040.0033268929,0.0
2024-01-23,BUY,510880.SH,424053,2.5375077724456787,1076037.7834289074,,2024-01-23,18.9915,2.2188923849041777,2.2188923849041777,空仓，上证红利 指数贪恐 18.99 极恐放量买入 510880.SH，无估值点位（不设估值闸门）,424053,424053,2.219897985458374,99.99979369744818,1076037.7834289074,1076040.0033268929,2.5375077724456787
2024-01-29,SELL,510880.SH,424053,2.693648099899292,1142249.5577065945,66211.77427768707,2024-01-29,72.2549,1.1841134020454074,1.1841134020454074,上证红利 指数贪恐 72.25 到达贪恐阈值即卖（移动止盈=0），无估值点位（不设估值闸门）,424053,0,1142251.77760458,0.0,0.0,1142251.77760458,0.0
2024-02-05,BUY,516510.SH,1606542,0.7110000252723694,1142251.4026011229,,2024-02-05,18.9752,1.8626207165673803,1.8626207165673803,空仓，云计算 指数贪恐 18.98 极恐放量买入 516510.SH，无估值点位（不设估值闸门）,1606542,1606542,0.375003457069397,99.99996716980753,1142251.4026011229,1142251.77760458,0.7110000252723694
2024-03-26,SELL,516510.SH,1606542,0.9070000052452087,1457133.6024266481,314882.1998255253,2024-03-26,51.8645,0.6426847971727782,0.6426847971727782,云计算 指数贪恐 51.86 到达贪恐阈值即卖（移动止盈=0），无估值点位（不设估值闸门）,1606542,0,1457133.9774301052,0.0,0.0,1457133.9774301052,0.0
2024-04-22,BUY,159509.SZ,1171329,1.24399995803833,1457133.2268490791,,2024-04-22,24.7688,1.6990487469267423,1.6990487469267423,空仓，QQQ 纳指100自算贪恐 24.77 极恐放量买入 159509.SZ，无估值点位（不设估值闸门）,1171329,1171329,0.7505810260772705,99.99994848922353,1457133.2268490791,1457133.9774301052,1.24399995803833
2024-05-24,SELL,159509.SZ,1171329,1.406999945640564,1648059.8393272161,190926.61247813702,2024-05-24,61.0966,1.1848305366331815,1.1848305366331815,QQQ 纳指100自算贪恐 61.10 到达贪恐阈值即卖（移动止盈=0），无估值点位（不设估值闸门）,1171329,0,1648060.5899082422,0.0,0.0,1648060.5899082422,0.0
2024-08-02,BUY,159509.SZ,1074354,1.534000039100647,1648059.0780079365,,2024-08-02,23.3554,1.5107844329344198,1.5107844329344198,空仓，QQQ 纳指100自算贪恐 23.36 极恐放量买入 159509.SZ，无估值点位（不设估值闸门）,1074354,1074354,1.5119003057479858,99.99990826184941,1648059.0780079365,1648060.5899082422,1.534000039100647
2024-09-13,SELL,159509.SZ,1074354,1.5420000553131104,1656653.9274258614,8594.849417924881,2024-09-13,32.5374,2.0356926979176877,2.0356926979176877,QQQ 纳指100自算贪恐 47.57 恐贪>45 且 上证红利 指数贪恐 出买入信号，卖出 159509.SZ 换到 510880.SH,1074354,0,1656655.439326167,0.0,0.0,1656655.439326167,0.0
2024-09-13,BUY,510880.SH,630847,2.6260783672332764,1656653.6597340107,,2024-09-13,32.5374,2.0356926979176877,2.0356926979176877,买入 510880.SH，无估值点位（不设估值闸门）,630847,630847,1.7795921564102173,99.99989257922232,1656653.6597340107,1656655.439326167,2.6260783672332764
2024-10-08,SELL,510880.SH,630847,3.0278429985046387,1910105.6720776558,253452.0123436451,2024-10-08,77.5737,4.214941606047362,4.214941606047362,上证红利 指数贪恐 77.57 到达贪恐阈值即卖（移动止盈=0），无估值点位（不设估值闸门）,630847,0,1910107.4516698122,0.0,0.0,1910107.4516698122,0.0
2025-03-11,BUY,159509.SZ,1386144,1.378000020980835,1910106.4610824585,,2025-03-11,17.8849,2.0469636510263665,2.0469636510263665,空仓，QQQ 纳指100自算贪恐 17.88 极恐放量买入 159509.SZ，无估值点位（不设估值闸门）,1386144,1386144,0.9905873537063599,99.99994813970528,1910106.4610824585,1910107.4516698122,1.378000020980835
2025-05-21,SELL,159509.SZ,1386144,1.5019999742507935,2081988.2523078918,171881.79122543335,2025-05-21,67.7394,1.001264536392425,1.001264536392425,QQQ 纳指100自算贪恐 67.74 到达贪恐阈值即卖（移动止盈=0），无估值点位（不设估值闸门）,1386144,0,2081989.2428952456,0.0,0.0,2081989.2428952456,0.0
2025-09-19,BUY,510880.SH,699685,2.9756078720092773,2081988.1939268112,,2025-09-19,26.9025,2.222691958376166,2.222691958376166,空仓，上证红利 指数贪恐 26.90 极恐放量买入 510880.SH，估值点位 3.8,699685,699685,1.0489684343338013,99.99994961700989,2081988.1939268112,2081989.2428952456,2.9756078720092773
2025-11-11,SELL,510880.SH,699685,3.1791415214538574,2224397.635438442,142409.441511631,2025-11-11,73.5697,0.4993200975149166,0.4993200975149166,上证红利 指数贪恐 73.57 到达贪恐阈值即卖（移动止盈=0），估值点位 80.4,699685,0,2224398.6844068766,0.0,0.0,2224398.6844068766,0.0
2025-11-21,BUY,159509.SZ,1043338,2.131999969482422,2224396.584159851,,2025-11-21,22.2674,1.9228166020571098,1.9228166020571098,空仓，QQQ 纳指100自算贪恐 22.27 极恐放量买入 159509.SZ，无估值点位（不设估值闸门）,1043338,1043338,2.100247025489807,99.99990558135823,2224396.584159851,2224398.6844068766,2.131999969482422
2025-12-09,SELL,159509.SZ,1043338,2.2799999713897705,2378810.6101498604,154414.0259900093,2025-12-09,30.663,1.6423620173632978,1.6423620173632978,QQQ 纳指100自算贪恐 61.35 恐贪>45 且 上证红利 指数贪恐 出买入信号，卖出 159509.SZ 换到 510880.SH,1043338,0,2378812.710396886,0.0,0.0,2378812.710396886,0.0
2025-12-09,BUY,510880.SH,776981,3.061608076095581,2378811.3045728207,,2025-12-09,30.663,1.6423620173632978,1.6423620173632978,买入 510880.SH，估值点位 25.2,776981,776981,1.405824065208435,99.9999409022804,2378811.3045728207,2378812.710396886,3.061608076095581
2026-03-03,SELL,510880.SH,776981,3.296726942062378,2561494.1961705685,182682.8915977478,2026-03-03,71.8236,1.456188156026923,1.456188156026923,上证红利 指数贪恐 71.82 到达贪恐阈值即卖（移动止盈=0），估值点位 95.4,776981,0,2561495.6019946337,0.0,0.0,2561495.6019946337,0.0
2026-03-24,BUY,512480.SH,3523018,0.7270740270614624,2561494.884670019,,2026-03-24,23.193,1.858992050978959,1.858992050978959,空仓，科创50 指数贪恐 23.19 极恐放量买入 512480.SH，估值点位 0.2,3523018,3523018,0.7173246145248413,99.99997199586781,2561494.884670019,2561495.6019946337,0.7270740270614624
2026-05-18,SELL,512480.SH,3523018,1.0146033763885498,3574465.957877636,1012971.0732076168,2026-05-18,64.3787,1.5009934359389028,1.5009934359389028,科创50 指数贪恐 64.38 到达贪恐阈值即卖（移动止盈=0），估值点位 85.9,3523018,0,3574466.6752022505,0.0,0.0,3574466.6752022505,0.0
2026-06-22,BUY,510880.SH,1142845,3.127689838409424,3574464.693377018,,2026-06-22,23.8947,2.1456265727131756,2.1456265727131756,空仓，上证红利 指数贪恐 23.89 极恐放量买入 510880.SH，估值点位 0.2,1142845,1142845,1.9818252325057983,99.99994455605794,3574464.693377018,3574466.6752022505,3.127689838409424
2026-07-30,SELL,510880.SH,1142845,3.2739999294281006,3741674.4493472576,167209.75597023964,2026-07-30,24.66,1.5009605704044113,1.5009605704044113,上证红利 指数贪恐 68.70 恐贪>45 且 QQQ 纳指100自算贪恐 出买入信号，卖出 510880.SH 换到 159509.SZ,1142845,0,3741676.43117249,0.0,0.0,3741676.43117249,0.0
2026-07-30,BUY,159509.SZ,1489520,2.51200008392334,3741674.365005493,,2026-07-30,24.66,1.5009605704044113,1.5009605704044113,买入 159509.SZ，估值点位 3.7,1489520,1489520,2.0661669969558716,99.9999447796453,3741674.365005493,3741676.43117249,2.51200008392334
