buy_date,sell_date,etf_symbol,holding_count,etf_return_pct,component_return_pct,component_minus_etf_pct_points
2023-06-27,2023-08-01,510880.SH,10,6.027403756622274,3.1898913052038624,-2.8375124514184114
2023-12-22,2024-01-04,510880.SH,10,1.4869834152765993,1.3351154584295033,-0.15186795684709598
2024-01-23,2024-01-29,510880.SH,10,6.153294549443822,4.39631480086633,-1.7569797485774918
2024-02-05,2024-03-26,516510.SH,10,27.566803517026006,25.57880552330363,-1.987997993722379
2024-04-22,2024-05-24,159509.SZ,1,13.102893336047172,13.102893336047172,0.0
2024-08-02,2024-09-13,159509.SZ,1,0.521513429501197,0.521513429501197,0.0
2024-09-13,2024-10-08,510880.SH,10,15.299034342781038,9.283025501027375,-6.016008841753662
2025-03-11,2025-05-21,159509.SZ,1,8.99854509303255,8.99854509303255,0.0
2025-09-19,2025-11-11,510880.SH,10,6.840069599195675,7.770823288633921,0.9307536894382462
2025-11-21,2025-12-09,159509.SZ,1,6.941838837984515,6.941838837984515,0.0
2025-12-09,2026-03-03,510880.SH,10,7.679587331982751,-6.802605278906581,-14.482192610889333
2026-03-24,2026-05-18,512480.SH,10,39.54609003008458,46.06903311402186,6.522943083937283
2026-06-22,2026-07-30,510880.SH,10,4.677896421247518,7.003139312436124,2.325242891188606
