trade_index,etf_symbol,index_code,signal_date,execution_date,snapshot_date,snapshot_lag_days,constituent_count,rankable_count,selected_count
0,510880.SH,000015.SH,2023-06-26,2023-06-27,2023-05-31,26,50,50,10
2,510880.SH,000015.SH,2023-12-21,2023-12-22,2023-11-30,21,50,50,10
4,510880.SH,000015.SH,2024-01-22,2024-01-23,2023-12-29,24,50,50,10
6,516510.SH,930851.CSI,2024-02-02,2024-02-05,2024-01-31,2,50,50,10
12,510880.SH,000015.SH,2024-09-12,2024-09-13,2024-08-30,13,50,50,10
16,510880.SH,000015.SH,2025-09-18,2025-09-19,2025-08-29,20,50,50,10
20,510880.SH,000015.SH,2025-12-08,2025-12-09,2025-11-28,10,50,50,10
22,512480.SH,H30184.CSI,2026-03-23,2026-03-24,2026-02-27,24,86,86,10
24,510880.SH,000015.SH,2026-06-18,2026-06-22,2026-05-29,20,50,50,10
