date,value,cash,market_value,position_count,drawdown_pct
2023-03-22,1000000.0,1000000.0,0.0,0,0.0
2023-03-23,1000000.0,1000000.0,0.0,0,0.0
2023-03-24,1000000.0,1000000.0,0.0,0,0.0
2023-03-27,1000000.0,1000000.0,0.0,0,0.0
2023-03-28,1000000.0,1000000.0,0.0,0,0.0
2023-03-29,1000000.0,1000000.0,0.0,0,0.0
2023-03-30,1000000.0,1000000.0,0.0,0,0.0
2023-03-31,1000000.0,1000000.0,0.0,0,0.0
2023-04-03,1000000.0,1000000.0,0.0,0,0.0
2023-04-04,1000000.0,1000000.0,0.0,0,0.0
2023-04-06,1000000.0,1000000.0,0.0,0,0.0
2023-04-07,1000000.0,1000000.0,0.0,0,0.0
2023-04-10,1000000.0,1000000.0,0.0,0,0.0
2023-04-11,1000000.0,1000000.0,0.0,0,0.0
2023-04-12,1000000.0,1000000.0,0.0,0,0.0
2023-04-13,1000000.0,1000000.0,0.0,0,0.0
2023-04-14,1000000.0,1000000.0,0.0,0,0.0
2023-04-17,1000000.0,1000000.0,0.0,0,0.0
2023-04-18,1000000.0,1000000.0,0.0,0,0.0
2023-04-19,1000000.0,1000000.0,0.0,0,0.0
2023-04-20,1000000.0,1000000.0,0.0,0,0.0
2023-04-21,1000000.0,1000000.0,0.0,0,0.0
2023-04-24,1000000.0,1000000.0,0.0,0,0.0
2023-04-25,1000000.0,1000000.0,0.0,0,0.0
2023-04-26,1000000.0,1000000.0,0.0,0,0.0
2023-04-27,1000000.0,1000000.0,0.0,0,0.0
2023-04-28,1000000.0,1000000.0,0.0,0,0.0
2023-05-04,1000000.0,1000000.0,0.0,0,0.0
2023-05-05,1000000.0,1000000.0,0.0,0,0.0
2023-05-08,1000000.0,1000000.0,0.0,0,0.0
2023-05-09,1000000.0,1000000.0,0.0,0,0.0
2023-05-10,1000000.0,1000000.0,0.0,0,0.0
2023-05-11,1000000.0,1000000.0,0.0,0,0.0
2023-05-12,1000000.0,1000000.0,0.0,0,0.0
2023-05-15,1000000.0,1000000.0,0.0,0,0.0
2023-05-16,1000000.0,1000000.0,0.0,0,0.0
2023-05-17,1000000.0,1000000.0,0.0,0,0.0
2023-05-18,1000000.0,1000000.0,0.0,0,0.0
2023-05-19,1000000.0,1000000.0,0.0,0,0.0
2023-05-22,1000000.0,1000000.0,0.0,0,0.0
2023-05-23,1000000.0,1000000.0,0.0,0,0.0
2023-05-24,1000000.0,1000000.0,0.0,0,0.0
2023-05-25,1000000.0,1000000.0,0.0,0,0.0
2023-05-26,1000000.0,1000000.0,0.0,0,0.0
2023-05-29,1000000.0,1000000.0,0.0,0,0.0
2023-05-30,1000000.0,1000000.0,0.0,0,0.0
2023-05-31,1000000.0,1000000.0,0.0,0,0.0
2023-06-01,1000000.0,1000000.0,0.0,0,0.0
2023-06-02,1000000.0,1000000.0,0.0,0,0.0
2023-06-05,1000000.0,1000000.0,0.0,0,0.0
2023-06-06,1000000.0,1000000.0,0.0,0,0.0
2023-06-07,1000000.0,1000000.0,0.0,0,0.0
2023-06-08,1000000.0,1000000.0,0.0,0,0.0
2023-06-09,1000000.0,1000000.0,0.0,0,0.0
2023-06-12,1000000.0,1000000.0,0.0,0,0.0
2023-06-13,1000000.0,1000000.0,0.0,0,0.0
2023-06-14,1000000.0,1000000.0,0.0,0,0.0
2023-06-15,1000000.0,1000000.0,0.0,0,0.0
2023-06-16,1000000.0,1000000.0,0.0,0,0.0
2023-06-19,1000000.0,1000000.0,0.0,0,0.0
2023-06-20,1000000.0,1000000.0,0.0,0,0.0
2023-06-21,1000000.0,1000000.0,0.0,0,0.0
2023-06-26,1000000.0,1000000.0,0.0,0,0.0
2023-06-27,993302.9511213303,3322.2033739089966,989980.7477474213,10,-0.6697048878669731
2023-06-28,997299.3505001068,3322.2033739089966,993977.1471261978,10,-0.27006494998932373
2023-06-29,997569.202041626,3322.2033739089966,994246.998667717,10,-0.24307979583739758
2023-06-30,1002029.0625810623,3322.2033739089966,998706.8592071533,10,0.0
2023-07-03,1016878.9160728455,3322.2033739089966,1013556.7126989365,10,0.0
2023-07-04,1006532.9223394394,3322.2033739089966,1003210.7189655304,10,-1.0174263198771016
2023-07-05,1006764.7996902466,3322.2033739089966,1003442.5963163376,10,-0.9946234721493918
2023-07-06,1002381.9404840469,3322.2033739089966,999059.7371101379,10,-1.4256343955665218
2023-07-07,1003409.2577219009,3322.2033739089966,1000087.054347992,10,-1.324607889694862
2023-07-10,1005837.8386735916,3322.2033739089966,1002515.6352996826,10,-1.0857809346558334
2023-07-11,1007502.9517173767,3322.2033739089966,1004180.7483434677,10,-0.922033509326603
2023-07-12,1003643.1039094925,3322.2033739089966,1000320.9005355835,10,-1.3016114263111334
2023-07-13,1017766.9791698456,3322.2033739089966,1014444.7757959366,10,0.0
2023-07-14,1020097.5011348724,3322.2033739089966,1016775.2977609634,10,0.0
2023-07-17,1009533.6884498596,3322.2033739089966,1006211.4850759506,10,-1.0355689209375019
2023-07-18,1003113.2242202759,3322.2033739089966,999791.0208463669,10,-1.6649660346879869
2023-07-19,1008628.8645029068,3322.2033739089966,1005306.6611289978,10,-1.124268672279527
2023-07-20,1006670.9624052048,3322.2033739089966,1003348.7590312958,10,-1.3162015115937842
2023-07-21,1005377.4584531784,3322.2033739089966,1002055.2550792694,10,-1.4430035036178235
2023-07-24,1002477.1003961563,3322.2033739089966,999154.8970222473,10,-1.7273251546164103
2023-07-25,1025846.4384555817,3322.2033739089966,1022524.2350816727,10,0.0
2023-07-26,1020970.2538967133,3322.2033739089966,1017648.0505228043,10,-0.47533279602837153
2023-07-27,1025138.1520271301,3322.2033739089966,1021815.9486532211,10,-0.06904409879493478
2023-07-28,1040229.6885251999,3322.2033739089966,1036907.4851512909,10,0.0
2023-07-31,1038839.385843277,3322.2033739089966,1035517.182469368,10,-0.13365343224284176
2023-08-01,1031792.938375473,1031792.938375473,0.0,0,-0.8110468527088632
2023-08-02,1031792.938375473,1031792.938375473,0.0,0,-0.8110468527088632
2023-08-03,1031792.938375473,1031792.938375473,0.0,0,-0.8110468527088632
2023-08-04,1031792.938375473,1031792.938375473,0.0,0,-0.8110468527088632
2023-08-07,1031792.938375473,1031792.938375473,0.0,0,-0.8110468527088632
2023-08-08,1031792.938375473,1031792.938375473,0.0,0,-0.8110468527088632
2023-08-09,1031792.938375473,1031792.938375473,0.0,0,-0.8110468527088632
2023-08-10,1031792.938375473,1031792.938375473,0.0,0,-0.8110468527088632
2023-08-11,1031792.938375473,1031792.938375473,0.0,0,-0.8110468527088632
2023-08-14,1031792.938375473,1031792.938375473,0.0,0,-0.8110468527088632
2023-08-15,1031792.938375473,1031792.938375473,0.0,0,-0.8110468527088632
2023-08-16,1031792.938375473,1031792.938375473,0.0,0,-0.8110468527088632
2023-08-17,1031792.938375473,1031792.938375473,0.0,0,-0.8110468527088632
2023-08-18,1031792.938375473,1031792.938375473,0.0,0,-0.8110468527088632
2023-08-21,1031792.938375473,1031792.938375473,0.0,0,-0.8110468527088632
2023-08-22,1031792.938375473,1031792.938375473,0.0,0,-0.8110468527088632
2023-08-23,1031792.938375473,1031792.938375473,0.0,0,-0.8110468527088632
2023-08-24,1031792.938375473,1031792.938375473,0.0,0,-0.8110468527088632
2023-08-25,1031792.938375473,1031792.938375473,0.0,0,-0.8110468527088632
2023-08-28,1031792.938375473,1031792.938375473,0.0,0,-0.8110468527088632
2023-08-29,1031792.938375473,1031792.938375473,0.0,0,-0.8110468527088632
2023-08-30,1031792.938375473,1031792.938375473,0.0,0,-0.8110468527088632
2023-08-31,1031792.938375473,1031792.938375473,0.0,0,-0.8110468527088632
2023-09-01,1031792.938375473,1031792.938375473,0.0,0,-0.8110468527088632
2023-09-04,1031792.938375473,1031792.938375473,0.0,0,-0.8110468527088632
2023-09-05,1031792.938375473,1031792.938375473,0.0,0,-0.8110468527088632
2023-09-06,1031792.938375473,1031792.938375473,0.0,0,-0.8110468527088632
2023-09-07,1031792.938375473,1031792.938375473,0.0,0,-0.8110468527088632
2023-09-08,1031792.938375473,1031792.938375473,0.0,0,-0.8110468527088632
2023-09-11,1031792.938375473,1031792.938375473,0.0,0,-0.8110468527088632
2023-09-12,1031792.938375473,1031792.938375473,0.0,0,-0.8110468527088632
2023-09-13,1031792.938375473,1031792.938375473,0.0,0,-0.8110468527088632
2023-09-14,1031792.938375473,1031792.938375473,0.0,0,-0.8110468527088632
2023-09-15,1031792.938375473,1031792.938375473,0.0,0,-0.8110468527088632
2023-09-18,1031792.938375473,1031792.938375473,0.0,0,-0.8110468527088632
2023-09-19,1031792.938375473,1031792.938375473,0.0,0,-0.8110468527088632
2023-09-20,1031792.938375473,1031792.938375473,0.0,0,-0.8110468527088632
2023-09-21,1031792.938375473,1031792.938375473,0.0,0,-0.8110468527088632
2023-09-22,1031792.938375473,1031792.938375473,0.0,0,-0.8110468527088632
2023-09-25,1031792.938375473,1031792.938375473,0.0,0,-0.8110468527088632
2023-09-26,1031792.938375473,1031792.938375473,0.0,0,-0.8110468527088632
2023-09-27,1031792.938375473,1031792.938375473,0.0,0,-0.8110468527088632
2023-09-28,1031792.938375473,1031792.938375473,0.0,0,-0.8110468527088632
2023-10-09,1031792.938375473,1031792.938375473,0.0,0,-0.8110468527088632
2023-10-10,1031792.938375473,1031792.938375473,0.0,0,-0.8110468527088632
2023-10-11,1031792.938375473,1031792.938375473,0.0,0,-0.8110468527088632
2023-10-12,1031792.938375473,1031792.938375473,0.0,0,-0.8110468527088632
2023-10-13,1031792.938375473,1031792.938375473,0.0,0,-0.8110468527088632
2023-10-16,1031792.938375473,1031792.938375473,0.0,0,-0.8110468527088632
2023-10-17,1031792.938375473,1031792.938375473,0.0,0,-0.8110468527088632
2023-10-18,1031792.938375473,1031792.938375473,0.0,0,-0.8110468527088632
2023-10-19,1031792.938375473,1031792.938375473,0.0,0,-0.8110468527088632
2023-10-20,1031792.938375473,1031792.938375473,0.0,0,-0.8110468527088632
2023-10-23,1031792.938375473,1031792.938375473,0.0,0,-0.8110468527088632
2023-10-24,1031792.938375473,1031792.938375473,0.0,0,-0.8110468527088632
2023-10-25,1031792.938375473,1031792.938375473,0.0,0,-0.8110468527088632
2023-10-26,1031792.938375473,1031792.938375473,0.0,0,-0.8110468527088632
2023-10-27,1031792.938375473,1031792.938375473,0.0,0,-0.8110468527088632
2023-10-30,1031792.938375473,1031792.938375473,0.0,0,-0.8110468527088632
2023-10-31,1031792.938375473,1031792.938375473,0.0,0,-0.8110468527088632
2023-11-01,1031792.938375473,1031792.938375473,0.0,0,-0.8110468527088632
2023-11-02,1031792.938375473,1031792.938375473,0.0,0,-0.8110468527088632
2023-11-03,1031792.938375473,1031792.938375473,0.0,0,-0.8110468527088632
2023-11-06,1031792.938375473,1031792.938375473,0.0,0,-0.8110468527088632
2023-11-07,1031792.938375473,1031792.938375473,0.0,0,-0.8110468527088632
2023-11-08,1031792.938375473,1031792.938375473,0.0,0,-0.8110468527088632
2023-11-09,1031792.938375473,1031792.938375473,0.0,0,-0.8110468527088632
2023-11-10,1031792.938375473,1031792.938375473,0.0,0,-0.8110468527088632
2023-11-13,1031792.938375473,1031792.938375473,0.0,0,-0.8110468527088632
2023-11-14,1031792.938375473,1031792.938375473,0.0,0,-0.8110468527088632
2023-11-15,1031792.938375473,1031792.938375473,0.0,0,-0.8110468527088632
2023-11-16,1031792.938375473,1031792.938375473,0.0,0,-0.8110468527088632
2023-11-17,1031792.938375473,1031792.938375473,0.0,0,-0.8110468527088632
2023-11-20,1031792.938375473,1031792.938375473,0.0,0,-0.8110468527088632
2023-11-21,1031792.938375473,1031792.938375473,0.0,0,-0.8110468527088632
2023-11-22,1031792.938375473,1031792.938375473,0.0,0,-0.8110468527088632
2023-11-23,1031792.938375473,1031792.938375473,0.0,0,-0.8110468527088632
2023-11-24,1031792.938375473,1031792.938375473,0.0,0,-0.8110468527088632
2023-11-27,1031792.938375473,1031792.938375473,0.0,0,-0.8110468527088632
2023-11-28,1031792.938375473,1031792.938375473,0.0,0,-0.8110468527088632
2023-11-29,1031792.938375473,1031792.938375473,0.0,0,-0.8110468527088632
2023-11-30,1031792.938375473,1031792.938375473,0.0,0,-0.8110468527088632
2023-12-01,1031792.938375473,1031792.938375473,0.0,0,-0.8110468527088632
2023-12-04,1031792.938375473,1031792.938375473,0.0,0,-0.8110468527088632
2023-12-05,1031792.938375473,1031792.938375473,0.0,0,-0.8110468527088632
2023-12-06,1031792.938375473,1031792.938375473,0.0,0,-0.8110468527088632
2023-12-07,1031792.938375473,1031792.938375473,0.0,0,-0.8110468527088632
2023-12-08,1031792.938375473,1031792.938375473,0.0,0,-0.8110468527088632
2023-12-11,1031792.938375473,1031792.938375473,0.0,0,-0.8110468527088632
2023-12-12,1031792.938375473,1031792.938375473,0.0,0,-0.8110468527088632
2023-12-13,1031792.938375473,1031792.938375473,0.0,0,-0.8110468527088632
2023-12-14,1031792.938375473,1031792.938375473,0.0,0,-0.8110468527088632
2023-12-15,1031792.938375473,1031792.938375473,0.0,0,-0.8110468527088632
2023-12-18,1031792.938375473,1031792.938375473,0.0,0,-0.8110468527088632
2023-12-19,1031792.938375473,1031792.938375473,0.0,0,-0.8110468527088632
2023-12-20,1031792.938375473,1031792.938375473,0.0,0,-0.8110468527088632
2023-12-21,1031792.938375473,1031792.938375473,0.0,0,-0.8110468527088632
2023-12-22,1026567.0430898666,2907.0034742355347,1023660.0396156311,10,-1.3134258314337899
2023-12-25,1030674.7572898865,2907.0034742355347,1027767.7538156509,10,-0.9185405243393951
2023-12-26,1028902.0021915436,2907.0034742355347,1025994.998717308,10,-1.0889601074274613
2023-12-27,1036626.8779754639,2907.0034742355347,1033719.8745012283,10,-0.3463475989465281
2023-12-28,1032325.2312898636,2907.0034742355347,1029418.227815628,10,-0.759876142983662
2023-12-29,1037238.9231204987,2907.0034742355347,1034331.9196462631,10,-0.2875100987495771
2024-01-02,1041863.2688522339,2907.0034742355347,1038956.2653779984,10,0.0
2024-01-03,1052935.9976530075,2907.0034742355347,1050028.994178772,10,0.0
2024-01-04,1045529.7535419464,1045529.7535419464,0.0,0,-0.7033897717971138
2024-01-05,1045529.7535419464,1045529.7535419464,0.0,0,-0.7033897717971138
2024-01-08,1045529.7535419464,1045529.7535419464,0.0,0,-0.7033897717971138
2024-01-09,1045529.7535419464,1045529.7535419464,0.0,0,-0.7033897717971138
2024-01-10,1045529.7535419464,1045529.7535419464,0.0,0,-0.7033897717971138
2024-01-11,1045529.7535419464,1045529.7535419464,0.0,0,-0.7033897717971138
2024-01-12,1045529.7535419464,1045529.7535419464,0.0,0,-0.7033897717971138
2024-01-15,1045529.7535419464,1045529.7535419464,0.0,0,-0.7033897717971138
2024-01-16,1045529.7535419464,1045529.7535419464,0.0,0,-0.7033897717971138
2024-01-17,1045529.7535419464,1045529.7535419464,0.0,0,-0.7033897717971138
2024-01-18,1045529.7535419464,1045529.7535419464,0.0,0,-0.7033897717971138
2024-01-19,1045529.7535419464,1045529.7535419464,0.0,0,-0.7033897717971138
2024-01-22,1045529.7535419464,1045529.7535419464,0.0,0,-0.7033897717971138
2024-01-23,1039933.8972568512,3877.5565147399902,1036056.3407421112,10,-1.2348424239590927
2024-01-24,1062772.9535579681,3877.5565147399902,1058895.3970432281,10,0.0
2024-01-25,1082369.5300102234,3877.5565147399902,1078491.9734954834,10,0.0
2024-01-26,1097374.0427970886,3877.5565147399902,1093496.4862823486,10,0.0
2024-01-29,1091324.0632534027,1091324.0632534027,0.0,0,-0.5513142563738027
2024-01-30,1091324.0632534027,1091324.0632534027,0.0,0,-0.5513142563738027
2024-01-31,1091324.0632534027,1091324.0632534027,0.0,0,-0.5513142563738027
2024-02-01,1091324.0632534027,1091324.0632534027,0.0,0,-0.5513142563738027
2024-02-02,1091324.0632534027,1091324.0632534027,0.0,0,-0.5513142563738027
2024-02-05,1043511.8003368378,8995.561170578003,1034516.2391662598,10,-4.908284719671496
2024-02-06,1123636.8773460388,8995.561170578003,1114641.3161754608,10,0.0
2024-02-07,1137165.6950473785,8995.561170578003,1128170.1338768005,10,0.0
2024-02-08,1173186.4969730377,8995.561170578003,1164190.9358024597,10,0.0
2024-02-19,1280236.6092205048,8995.561170578003,1271241.0480499268,10,0.0
2024-02-20,1265015.9850597382,8995.561170578003,1256020.4238891602,10,-1.188891494833444
2024-02-21,1240742.0117855072,8995.561170578003,1231746.4506149292,10,-3.0849451695530328
2024-02-22,1280952.8604984283,8995.561170578003,1271957.2993278503,10,0.0
2024-02-23,1282914.775800705,8995.561170578003,1273919.214630127,10,0.0
2024-02-26,1290244.1662311554,8995.561170578003,1281248.6050605774,10,0.0
2024-02-27,1383664.487695694,8995.561170578003,1374668.926525116,10,0.0
2024-02-28,1322030.1863193512,8995.561170578003,1313034.6251487732,10,-4.454425326690748
2024-02-29,1375143.7490940094,8995.561170578003,1366148.1879234314,10,-0.6158095894962745
2024-03-01,1443782.25274086,8995.561170578003,1434786.691570282,10,0.0
2024-03-04,1474011.9737148285,8995.561170578003,1465016.4125442505,10,0.0
2024-03-05,1461944.7391986847,8995.561170578003,1452949.1780281067,10,-0.8186659763510407
2024-03-06,1451681.0421466827,8995.561170578003,1442685.4809761047,10,-1.5149762665677025
2024-03-07,1402030.8892726898,8995.561170578003,1393035.3281021118,10,-4.883344621735386
2024-03-08,1438407.6228618622,8995.561170578003,1429412.0616912842,10,-2.4154722951968743
2024-03-11,1453392.1159267426,8995.561170578003,1444396.5547561646,10,-1.3988935066870267
2024-03-12,1433328.3262729645,8995.561170578003,1424332.7651023865,10,-2.760062208947489
2024-03-13,1437144.994878769,8995.561170578003,1428149.433708191,10,-2.501131571078541
2024-03-14,1428667.0472621918,8995.561170578003,1419671.4860916138,10,-3.0762929515665838
2024-03-15,1468532.1203708649,8995.561170578003,1459536.5592002869,10,-0.37176450678030326
2024-03-18,1506927.4431705475,8995.561170578003,1497931.8819999695,10,0.0
2024-03-19,1478687.414598465,8995.561170578003,1469691.853427887,10,-1.8740138219704883
2024-03-20,1497523.5347270966,8995.561170578003,1488527.9735565186,10,-0.6240452044370071
2024-03-21,1496700.3817081451,8995.561170578003,1487704.8205375671,10,-0.6786697998468205
2024-03-22,1495168.1334972382,8995.561170578003,1486172.5723266602,10,-0.7803500909485006
2024-03-25,1445937.1263980865,8995.561170578003,1436941.5652275085,10,-4.047329355429241
2024-03-26,1368170.7659244537,1368170.7659244537,0.0,0,-9.207920253555956
2024-03-27,1368170.7659244537,1368170.7659244537,0.0,0,-9.207920253555956
2024-03-28,1368170.7659244537,1368170.7659244537,0.0,0,-9.207920253555956
2024-03-29,1368170.7659244537,1368170.7659244537,0.0,0,-9.207920253555956
2024-04-01,1368170.7659244537,1368170.7659244537,0.0,0,-9.207920253555956
2024-04-02,1368170.7659244537,1368170.7659244537,0.0,0,-9.207920253555956
2024-04-03,1368170.7659244537,1368170.7659244537,0.0,0,-9.207920253555956
2024-04-08,1368170.7659244537,1368170.7659244537,0.0,0,-9.207920253555956
2024-04-09,1368170.7659244537,1368170.7659244537,0.0,0,-9.207920253555956
2024-04-10,1368170.7659244537,1368170.7659244537,0.0,0,-9.207920253555956
2024-04-11,1368170.7659244537,1368170.7659244537,0.0,0,-9.207920253555956
2024-04-12,1368170.7659244537,1368170.7659244537,0.0,0,-9.207920253555956
2024-04-15,1368170.7659244537,1368170.7659244537,0.0,0,-9.207920253555956
2024-04-16,1368170.7659244537,1368170.7659244537,0.0,0,-9.207920253555956
2024-04-17,1368170.7659244537,1368170.7659244537,0.0,0,-9.207920253555956
2024-04-18,1368170.7659244537,1368170.7659244537,0.0,0,-9.207920253555956
2024-04-19,1368170.7659244537,1368170.7659244537,0.0,0,-9.207920253555956
2024-04-22,1363771.6225624084,19.61207389831543,1363752.0104885101,1,-9.499848267872924
2024-04-23,1381368.458223343,19.61207389831543,1381348.8461494446,1,-8.332118810115418
2024-04-24,1445156.8236112595,19.61207389831543,1445137.2115373611,1,-4.0991104010504875
2024-04-25,1394566.0194158554,19.61207389831543,1394546.407341957,1,-7.456326066919705
2024-04-26,1436358.4057807922,19.61207389831543,1436338.793706894,1,-4.682975129929234
2024-04-29,1447356.395292282,19.61207389831543,1447336.7832183838,1,-3.953146393891993
2024-04-30,1448456.2466859818,19.61207389831543,1448436.6346120834,1,-3.88016004019035
2024-05-06,1450655.8183670044,19.61207389831543,1450636.206293106,1,-3.734196033031867
2024-05-07,1466052.9512405396,19.61207389831543,1466033.3391666412,1,-2.712439282677659
2024-05-08,1452855.390048027,19.61207389831543,1452835.7779741287,1,-3.5882320258733835
2024-05-09,1445156.8236112595,19.61207389831543,1445137.2115373611,1,-4.0991104010504875
2024-05-10,1456154.8131227493,19.61207389831543,1456135.201048851,1,-3.369281665013246
2024-05-13,1458354.384803772,19.61207389831543,1458334.7727298737,1,-3.223317657854763
2024-05-14,1455054.9617290497,19.61207389831543,1455035.3496551514,1,-3.442268018714889
2024-05-15,1486949.2099761963,19.61207389831543,1486929.597902298,1,-1.3257594640600168
2024-05-16,1545238.580608368,19.61207389831543,1545218.9685344696,1,0.0
2024-05-17,1546338.4320020676,19.61207389831543,1546318.8199281693,1,0.0
2024-05-20,1571633.8340997696,19.61207389831543,1571614.2220258713,1,0.0
2024-05-21,1607927.2257089615,19.61207389831543,1607907.6136350632,1,0.0
2024-05-22,1602428.2309532166,19.61207389831543,1602408.6188793182,1,-0.34199276359166975
2024-05-23,1627723.6330509186,19.61207389831543,1627704.0209770203,1,0.0
2024-05-24,1547438.1522893906,1547438.1522893906,0.0,0,-4.932377900727847
2024-05-27,1547438.1522893906,1547438.1522893906,0.0,0,-4.932377900727847
2024-05-28,1547438.1522893906,1547438.1522893906,0.0,0,-4.932377900727847
2024-05-29,1547438.1522893906,1547438.1522893906,0.0,0,-4.932377900727847
2024-05-30,1547438.1522893906,1547438.1522893906,0.0,0,-4.932377900727847
2024-05-31,1547438.1522893906,1547438.1522893906,0.0,0,-4.932377900727847
2024-06-03,1547438.1522893906,1547438.1522893906,0.0,0,-4.932377900727847
2024-06-04,1547438.1522893906,1547438.1522893906,0.0,0,-4.932377900727847
2024-06-05,1547438.1522893906,1547438.1522893906,0.0,0,-4.932377900727847
2024-06-06,1547438.1522893906,1547438.1522893906,0.0,0,-4.932377900727847
2024-06-07,1547438.1522893906,1547438.1522893906,0.0,0,-4.932377900727847
2024-06-11,1547438.1522893906,1547438.1522893906,0.0,0,-4.932377900727847
2024-06-12,1547438.1522893906,1547438.1522893906,0.0,0,-4.932377900727847
2024-06-13,1547438.1522893906,1547438.1522893906,0.0,0,-4.932377900727847
2024-06-14,1547438.1522893906,1547438.1522893906,0.0,0,-4.932377900727847
2024-06-17,1547438.1522893906,1547438.1522893906,0.0,0,-4.932377900727847
2024-06-18,1547438.1522893906,1547438.1522893906,0.0,0,-4.932377900727847
2024-06-19,1547438.1522893906,1547438.1522893906,0.0,0,-4.932377900727847
2024-06-20,1547438.1522893906,1547438.1522893906,0.0,0,-4.932377900727847
2024-06-21,1547438.1522893906,1547438.1522893906,0.0,0,-4.932377900727847
2024-06-24,1547438.1522893906,1547438.1522893906,0.0,0,-4.932377900727847
2024-06-25,1547438.1522893906,1547438.1522893906,0.0,0,-4.932377900727847
2024-06-26,1547438.1522893906,1547438.1522893906,0.0,0,-4.932377900727847
2024-06-27,1547438.1522893906,1547438.1522893906,0.0,0,-4.932377900727847
2024-06-28,1547438.1522893906,1547438.1522893906,0.0,0,-4.932377900727847
2024-07-01,1547438.1522893906,1547438.1522893906,0.0,0,-4.932377900727847
2024-07-02,1547438.1522893906,1547438.1522893906,0.0,0,-4.932377900727847
2024-07-03,1547438.1522893906,1547438.1522893906,0.0,0,-4.932377900727847
2024-07-04,1547438.1522893906,1547438.1522893906,0.0,0,-4.932377900727847
2024-07-05,1547438.1522893906,1547438.1522893906,0.0,0,-4.932377900727847
2024-07-08,1547438.1522893906,1547438.1522893906,0.0,0,-4.932377900727847
2024-07-09,1547438.1522893906,1547438.1522893906,0.0,0,-4.932377900727847
2024-07-10,1547438.1522893906,1547438.1522893906,0.0,0,-4.932377900727847
2024-07-11,1547438.1522893906,1547438.1522893906,0.0,0,-4.932377900727847
2024-07-12,1547438.1522893906,1547438.1522893906,0.0,0,-4.932377900727847
2024-07-15,1547438.1522893906,1547438.1522893906,0.0,0,-4.932377900727847
2024-07-16,1547438.1522893906,1547438.1522893906,0.0,0,-4.932377900727847
2024-07-17,1547438.1522893906,1547438.1522893906,0.0,0,-4.932377900727847
2024-07-18,1547438.1522893906,1547438.1522893906,0.0,0,-4.932377900727847
2024-07-19,1547438.1522893906,1547438.1522893906,0.0,0,-4.932377900727847
2024-07-22,1547438.1522893906,1547438.1522893906,0.0,0,-4.932377900727847
2024-07-23,1547438.1522893906,1547438.1522893906,0.0,0,-4.932377900727847
2024-07-24,1547438.1522893906,1547438.1522893906,0.0,0,-4.932377900727847
2024-07-25,1547438.1522893906,1547438.1522893906,0.0,0,-4.932377900727847
2024-07-26,1547438.1522893906,1547438.1522893906,0.0,0,-4.932377900727847
2024-07-29,1547438.1522893906,1547438.1522893906,0.0,0,-4.932377900727847
2024-07-30,1547438.1522893906,1547438.1522893906,0.0,0,-4.932377900727847
2024-07-31,1547438.1522893906,1547438.1522893906,0.0,0,-4.932377900727847
2024-08-01,1547438.1522893906,1547438.1522893906,0.0,0,-4.932377900727847
2024-08-02,1493976.9589781761,92.31284856796265,1493884.6461296082,1,-8.216792541253138
2024-08-05,1344689.3570542336,92.31284856796265,1344597.0442056656,1,-17.38834960982785
2024-08-06,1422359.279179573,92.31284856796265,1422266.966331005,1,-12.61665983717528
2024-08-07,1414289.6628260612,92.31284856796265,1414197.3499774933,1,-13.112420677016779
2024-08-08,1376967.8224682808,92.31284856796265,1376875.5096197128,1,-15.405306250461848
2024-08-09,1426394.1474795341,92.31284856796265,1426301.8346309662,1,-12.368775723555913
2024-08-12,1451611.623430252,92.31284856796265,1451519.310581684,1,-10.819527716174493
2024-08-13,1491959.5849514008,92.31284856796265,1491867.2721028328,1,-8.340730904364213
2024-08-14,1546429.4051527977,92.31284856796265,1546337.0923042297,1,-4.994350775981992
2024-08-15,1561559.8907232285,92.31284856796265,1561467.5778746605,1,-4.064801971553145
2024-08-16,1616029.7109246254,92.31284856796265,1615937.3980760574,1,-0.7184218431709244
2024-08-19,1577699.123430252,92.31284856796265,1577606.810581684,1,-3.0732802918701396
2024-08-20,1609977.468597889,92.31284856796265,1609885.155749321,1,-1.0902443199013567
2024-08-21,1610986.2157344818,92.31284856796265,1610893.9028859138,1,-1.0282714446472108
2024-08-22,1607960.0945711136,92.31284856796265,1607867.7817225456,1,-1.2141826830124214
2024-08-23,1594846.9830274582,92.31284856796265,1594754.6701788902,1,-2.019793124330216
2024-08-26,1592829.6090006828,92.31284856796265,1592737.2961521149,1,-2.1437314874412805
2024-08-27,1578707.870566845,92.31284856796265,1578615.557718277,1,-3.0113074166159937
2024-08-28,1590812.2349739075,92.31284856796265,1590719.9221253395,1,-2.2676698505523563
2024-08-29,1535333.6676359177,92.31284856796265,1535241.3547873497,1,-5.676022854188711
2024-08-30,1559542.516696453,92.31284856796265,1559450.2038478851,1,-4.188740334664209
2024-09-02,1586777.3666739464,92.31284856796265,1586685.0538253784,1,-2.515553964171713
2024-09-03,1588794.860947132,92.31284856796265,1588702.5480985641,1,-2.391608213663421
2024-09-04,1457663.8657569885,92.31284856796265,1457571.5529084206,1,-10.44770523944406
2024-09-05,1476829.09938097,92.31284856796265,1476736.786532402,1,-9.270279708793062
2024-09-06,1470776.8570542336,92.31284856796265,1470684.5442056656,1,-9.642102185523493
2024-09-09,1482881.3417077065,92.31284856796265,1482789.0288591385,1,-8.89845723206264
2024-09-10,1467750.8561372757,92.31284856796265,1467658.5432887077,1,-9.828006036491487
2024-09-11,1477837.8465175629,92.31284856796265,1477745.533668995,1,-9.208306833538915
2024-09-12,1551472.9003429413,92.31284856796265,1551380.5874943733,1,-4.684501174505707
2024-09-13,1532196.4482426643,3014.5411610603333,1529181.907081604,10,-5.868759466814599
2024-09-18,1558939.2778992653,3014.5411610603333,1555924.736738205,10,-4.225800606134078
2024-09-19,1552778.502047062,3014.5411610603333,1549763.9608860016,10,-4.604290893250928
2024-09-20,1564946.0356354713,3014.5411610603333,1561931.494474411,10,-3.8567724975388074
2024-09-23,1591645.5797314644,3014.5411610603333,1588631.038570404,10,-2.2164729065112465
2024-09-24,1662350.3284096718,3014.5411610603333,1659335.7872486115,10,0.0
2024-09-25,1676295.5291867256,3014.5411610603333,1673280.9880256653,10,0.0
2024-09-26,1715902.3533463478,3014.5411610603333,1712887.8121852875,10,0.0
2024-09-27,1682756.525862217,3014.5411610603333,1679741.9847011566,10,-1.931684948125978
2024-09-30,1748671.0438847542,3014.5411610603333,1745656.5027236938,10,0.0
2024-10-08,1699626.1108517647,1699626.1108517647,0.0,0,-2.804697498966635
2024-10-09,1699626.1108517647,1699626.1108517647,0.0,0,-2.804697498966635
2024-10-10,1699626.1108517647,1699626.1108517647,0.0,0,-2.804697498966635
2024-10-11,1699626.1108517647,1699626.1108517647,0.0,0,-2.804697498966635
2024-10-14,1699626.1108517647,1699626.1108517647,0.0,0,-2.804697498966635
2024-10-15,1699626.1108517647,1699626.1108517647,0.0,0,-2.804697498966635
2024-10-16,1699626.1108517647,1699626.1108517647,0.0,0,-2.804697498966635
2024-10-17,1699626.1108517647,1699626.1108517647,0.0,0,-2.804697498966635
2024-10-18,1699626.1108517647,1699626.1108517647,0.0,0,-2.804697498966635
2024-10-21,1699626.1108517647,1699626.1108517647,0.0,0,-2.804697498966635
2024-10-22,1699626.1108517647,1699626.1108517647,0.0,0,-2.804697498966635
2024-10-23,1699626.1108517647,1699626.1108517647,0.0,0,-2.804697498966635
2024-10-24,1699626.1108517647,1699626.1108517647,0.0,0,-2.804697498966635
2024-10-25,1699626.1108517647,1699626.1108517647,0.0,0,-2.804697498966635
2024-10-28,1699626.1108517647,1699626.1108517647,0.0,0,-2.804697498966635
2024-10-29,1699626.1108517647,1699626.1108517647,0.0,0,-2.804697498966635
2024-10-30,1699626.1108517647,1699626.1108517647,0.0,0,-2.804697498966635
2024-10-31,1699626.1108517647,1699626.1108517647,0.0,0,-2.804697498966635
2024-11-01,1699626.1108517647,1699626.1108517647,0.0,0,-2.804697498966635
2024-11-04,1699626.1108517647,1699626.1108517647,0.0,0,-2.804697498966635
2024-11-05,1699626.1108517647,1699626.1108517647,0.0,0,-2.804697498966635
2024-11-06,1699626.1108517647,1699626.1108517647,0.0,0,-2.804697498966635
2024-11-07,1699626.1108517647,1699626.1108517647,0.0,0,-2.804697498966635
2024-11-08,1699626.1108517647,1699626.1108517647,0.0,0,-2.804697498966635
2024-11-11,1699626.1108517647,1699626.1108517647,0.0,0,-2.804697498966635
2024-11-12,1699626.1108517647,1699626.1108517647,0.0,0,-2.804697498966635
2024-11-13,1699626.1108517647,1699626.1108517647,0.0,0,-2.804697498966635
2024-11-14,1699626.1108517647,1699626.1108517647,0.0,0,-2.804697498966635
2024-11-15,1699626.1108517647,1699626.1108517647,0.0,0,-2.804697498966635
2024-11-18,1699626.1108517647,1699626.1108517647,0.0,0,-2.804697498966635
2024-11-19,1699626.1108517647,1699626.1108517647,0.0,0,-2.804697498966635
2024-11-20,1699626.1108517647,1699626.1108517647,0.0,0,-2.804697498966635
2024-11-21,1699626.1108517647,1699626.1108517647,0.0,0,-2.804697498966635
2024-11-22,1699626.1108517647,1699626.1108517647,0.0,0,-2.804697498966635
2024-11-25,1699626.1108517647,1699626.1108517647,0.0,0,-2.804697498966635
2024-11-26,1699626.1108517647,1699626.1108517647,0.0,0,-2.804697498966635
2024-11-27,1699626.1108517647,1699626.1108517647,0.0,0,-2.804697498966635
2024-11-28,1699626.1108517647,1699626.1108517647,0.0,0,-2.804697498966635
2024-11-29,1699626.1108517647,1699626.1108517647,0.0,0,-2.804697498966635
2024-12-02,1699626.1108517647,1699626.1108517647,0.0,0,-2.804697498966635
2024-12-03,1699626.1108517647,1699626.1108517647,0.0,0,-2.804697498966635
2024-12-04,1699626.1108517647,1699626.1108517647,0.0,0,-2.804697498966635
2024-12-05,1699626.1108517647,1699626.1108517647,0.0,0,-2.804697498966635
2024-12-06,1699626.1108517647,1699626.1108517647,0.0,0,-2.804697498966635
2024-12-09,1699626.1108517647,1699626.1108517647,0.0,0,-2.804697498966635
2024-12-10,1699626.1108517647,1699626.1108517647,0.0,0,-2.804697498966635
2024-12-11,1699626.1108517647,1699626.1108517647,0.0,0,-2.804697498966635
2024-12-12,1699626.1108517647,1699626.1108517647,0.0,0,-2.804697498966635
2024-12-13,1699626.1108517647,1699626.1108517647,0.0,0,-2.804697498966635
2024-12-16,1699626.1108517647,1699626.1108517647,0.0,0,-2.804697498966635
2024-12-17,1699626.1108517647,1699626.1108517647,0.0,0,-2.804697498966635
2024-12-18,1699626.1108517647,1699626.1108517647,0.0,0,-2.804697498966635
2024-12-19,1699626.1108517647,1699626.1108517647,0.0,0,-2.804697498966635
2024-12-20,1699626.1108517647,1699626.1108517647,0.0,0,-2.804697498966635
2024-12-23,1699626.1108517647,1699626.1108517647,0.0,0,-2.804697498966635
2024-12-24,1699626.1108517647,1699626.1108517647,0.0,0,-2.804697498966635
2024-12-25,1699626.1108517647,1699626.1108517647,0.0,0,-2.804697498966635
2024-12-26,1699626.1108517647,1699626.1108517647,0.0,0,-2.804697498966635
2024-12-27,1699626.1108517647,1699626.1108517647,0.0,0,-2.804697498966635
2024-12-30,1699626.1108517647,1699626.1108517647,0.0,0,-2.804697498966635
2024-12-31,1699626.1108517647,1699626.1108517647,0.0,0,-2.804697498966635
2025-01-02,1699626.1108517647,1699626.1108517647,0.0,0,-2.804697498966635
2025-01-03,1699626.1108517647,1699626.1108517647,0.0,0,-2.804697498966635
2025-01-06,1699626.1108517647,1699626.1108517647,0.0,0,-2.804697498966635
2025-01-07,1699626.1108517647,1699626.1108517647,0.0,0,-2.804697498966635
2025-01-08,1699626.1108517647,1699626.1108517647,0.0,0,-2.804697498966635
2025-01-09,1699626.1108517647,1699626.1108517647,0.0,0,-2.804697498966635
2025-01-10,1699626.1108517647,1699626.1108517647,0.0,0,-2.804697498966635
2025-01-13,1699626.1108517647,1699626.1108517647,0.0,0,-2.804697498966635
2025-01-14,1699626.1108517647,1699626.1108517647,0.0,0,-2.804697498966635
2025-01-15,1699626.1108517647,1699626.1108517647,0.0,0,-2.804697498966635
2025-01-16,1699626.1108517647,1699626.1108517647,0.0,0,-2.804697498966635
2025-01-17,1699626.1108517647,1699626.1108517647,0.0,0,-2.804697498966635
2025-01-20,1699626.1108517647,1699626.1108517647,0.0,0,-2.804697498966635
2025-01-21,1699626.1108517647,1699626.1108517647,0.0,0,-2.804697498966635
2025-01-22,1699626.1108517647,1699626.1108517647,0.0,0,-2.804697498966635
2025-01-23,1699626.1108517647,1699626.1108517647,0.0,0,-2.804697498966635
2025-01-24,1699626.1108517647,1699626.1108517647,0.0,0,-2.804697498966635
2025-01-27,1699626.1108517647,1699626.1108517647,0.0,0,-2.804697498966635
2025-02-05,1699626.1108517647,1699626.1108517647,0.0,0,-2.804697498966635
2025-02-06,1699626.1108517647,1699626.1108517647,0.0,0,-2.804697498966635
2025-02-07,1699626.1108517647,1699626.1108517647,0.0,0,-2.804697498966635
2025-02-10,1699626.1108517647,1699626.1108517647,0.0,0,-2.804697498966635
2025-02-11,1699626.1108517647,1699626.1108517647,0.0,0,-2.804697498966635
2025-02-12,1699626.1108517647,1699626.1108517647,0.0,0,-2.804697498966635
2025-02-13,1699626.1108517647,1699626.1108517647,0.0,0,-2.804697498966635
2025-02-14,1699626.1108517647,1699626.1108517647,0.0,0,-2.804697498966635
2025-02-17,1699626.1108517647,1699626.1108517647,0.0,0,-2.804697498966635
2025-02-18,1699626.1108517647,1699626.1108517647,0.0,0,-2.804697498966635
2025-02-19,1699626.1108517647,1699626.1108517647,0.0,0,-2.804697498966635
2025-02-20,1699626.1108517647,1699626.1108517647,0.0,0,-2.804697498966635
2025-02-21,1699626.1108517647,1699626.1108517647,0.0,0,-2.804697498966635
2025-02-24,1699626.1108517647,1699626.1108517647,0.0,0,-2.804697498966635
2025-02-25,1699626.1108517647,1699626.1108517647,0.0,0,-2.804697498966635
2025-02-26,1699626.1108517647,1699626.1108517647,0.0,0,-2.804697498966635
2025-02-27,1699626.1108517647,1699626.1108517647,0.0,0,-2.804697498966635
2025-02-28,1699626.1108517647,1699626.1108517647,0.0,0,-2.804697498966635
2025-03-03,1699626.1108517647,1699626.1108517647,0.0,0,-2.804697498966635
2025-03-04,1699626.1108517647,1699626.1108517647,0.0,0,-2.804697498966635
2025-03-05,1699626.1108517647,1699626.1108517647,0.0,0,-2.804697498966635
2025-03-06,1699626.1108517647,1699626.1108517647,0.0,0,-2.804697498966635
2025-03-07,1699626.1108517647,1699626.1108517647,0.0,0,-2.804697498966635
2025-03-10,1699626.1108517647,1699626.1108517647,0.0,0,-2.804697498966635
2025-03-11,1697159.342610836,0.8849740028381348,1697158.4576368332,1,-2.9457628096524413
2025-03-12,1704559.647333622,0.8849740028381348,1704558.7623596191,1,-2.522566877595034
2025-03-13,1707026.4155745506,0.8849740028381348,1707025.5306005478,1,-2.3815015669092388
2025-03-14,1725527.5449633598,0.8849740028381348,1725526.659989357,1,-1.3234907161257747
2025-03-17,1731694.5390820503,0.8849740028381348,1731693.6541080475,1,-0.9708232352832802
2025-03-18,1739094.8438048363,0.8849740028381348,1739093.9588308334,1,-0.5476273032258838
2025-03-19,1723060.6296896935,0.8849740028381348,1723059.7447156906,1,-1.4645644350675613
2025-03-20,1773630.0402760506,0.8849740028381348,1773629.1553020477,1,0.0
2025-03-21,1760062.7414345741,0.8849740028381348,1760061.8564605713,1,-0.7649452554020164
2025-03-24,1800764.932024479,0.8849740028381348,1800764.047050476,1,0.0
2025-03-25,1822966.1402583122,0.8849740028381348,1822965.2552843094,1,0.0
2025-03-26,1811865.4626250267,0.8849740028381348,1811864.5776510239,1,-0.6089349323686544
2025-03-27,1762529.5096755028,0.8849740028381348,1762528.6247015,1,-3.3152909013573706
2025-03-28,1745261.8379235268,0.8849740028381348,1745260.952949524,1,-4.262520329849617
2025-03-31,1671257.9084992409,0.8849740028381348,1671257.023525238,1,-8.32205428333268
2025-04-01,1709493.330848217,0.8849740028381348,1709492.4458742142,1,-6.224625181135634
2025-04-02,1734161.307322979,0.8849740028381348,1734160.4223489761,1,-4.8714471966412765
2025-04-03,1686058.6649775505,0.8849740028381348,1686057.7800035477,1,-7.5101491057514735
2025-04-07,1517082.9084992409,0.8849740028381348,1517082.023525238,1,-16.779424751999407
2025-04-08,1549151.3367295265,0.8849740028381348,1549150.4517555237,1,-15.02029014592594
2025-04-09,1541750.8849740028,0.8849740028381348,1541750.0,1,-15.426246767505047
2025-04-10,1695925.8849740028,0.8849740028381348,1695925.0,1,-6.968876298838323
2025-04-11,1677424.9026179314,0.8849740028381348,1677424.0176439285,1,-7.983759787209099
2025-04-14,1721827.319085598,0.8849740028381348,1721826.4341115952,1,-5.5480361888884495
2025-04-15,1690992.3484921455,0.8849740028381348,1690991.4635181427,1,-7.2395086695064
2025-04-16,1641656.2485098839,0.8849740028381348,1641655.363535881,1,-9.945872704072112
2025-04-17,1653990.2367472649,0.8849740028381348,1653989.351773262,1,-9.269283711824928
2025-04-18,1635489.2543911934,0.8849740028381348,1635488.3694171906,1,-10.284167200195693
2025-04-21,1626855.4920315742,0.8849740028381348,1626854.6070575714,1,-10.757777881653318
2025-04-22,1628088.9496684074,0.8849740028381348,1628088.0646944046,1,-10.690115756197805
2025-04-23,1690992.3484921455,0.8849740028381348,1690991.4635181427,1,-7.2395086695064
2025-04-24,1658923.92026186,0.8849740028381348,1658923.035287857,1,-8.998643275579866
2025-04-25,1719360.5508446693,0.8849740028381348,1719359.6658706665,1,-5.683352374222494
2025-04-28,1725527.5449633598,0.8849740028381348,1725526.659989357,1,-5.345057878098903
2025-04-29,1723060.6296896935,0.8849740028381348,1723059.7447156906,1,-5.480382129009942
2025-04-30,1718127.0932078362,0.8849740028381348,1718126.2082338333,1,-5.751014499678009
2025-05-06,1745261.8379235268,0.8849740028381348,1745260.952949524,1,-4.262520329849617
2025-05-07,1751428.8320422173,0.8849740028381348,1751427.9470682144,1,-3.924225833726025
2025-05-08,1777330.2661538124,0.8849740028381348,1777329.3811798096,1,-2.5033857237761525
2025-05-09,1768696.5037941933,0.8849740028381348,1768695.6188201904,1,-2.9769964052337783
2025-05-12,1806931.9261431694,0.8849740028381348,1806931.0411691666,1,-0.8795673030367324
2025-05-13,1827899.6767401695,0.8849740028381348,1827898.7917661667,1,0.0
2025-05-14,1900670.29556036,0.8849740028381348,1900669.4105863571,1,0.0
2025-05-15,1887102.8496861458,0.8849740028381348,1887101.964712143,1,-0.7138242706220765
2025-05-16,1880935.8555674553,0.8849740028381348,1880934.9705934525,1,-1.0382884416619165
2025-05-19,1853801.1108517647,0.8849740028381348,1853800.2258777618,1,-2.465929247070031
2025-05-20,1877235.6296896935,0.8849740028381348,1877234.7447156906,1,-1.2329684914530348
2025-05-21,1852567.6532149315,1852567.6532149315,0.0,0,-2.5308251756124167
2025-05-22,1852567.6532149315,1852567.6532149315,0.0,0,-2.5308251756124167
2025-05-23,1852567.6532149315,1852567.6532149315,0.0,0,-2.5308251756124167
2025-05-26,1852567.6532149315,1852567.6532149315,0.0,0,-2.5308251756124167
2025-05-27,1852567.6532149315,1852567.6532149315,0.0,0,-2.5308251756124167
2025-05-28,1852567.6532149315,1852567.6532149315,0.0,0,-2.5308251756124167
2025-05-29,1852567.6532149315,1852567.6532149315,0.0,0,-2.5308251756124167
2025-05-30,1852567.6532149315,1852567.6532149315,0.0,0,-2.5308251756124167
2025-06-03,1852567.6532149315,1852567.6532149315,0.0,0,-2.5308251756124167
2025-06-04,1852567.6532149315,1852567.6532149315,0.0,0,-2.5308251756124167
2025-06-05,1852567.6532149315,1852567.6532149315,0.0,0,-2.5308251756124167
2025-06-06,1852567.6532149315,1852567.6532149315,0.0,0,-2.5308251756124167
2025-06-09,1852567.6532149315,1852567.6532149315,0.0,0,-2.5308251756124167
2025-06-10,1852567.6532149315,1852567.6532149315,0.0,0,-2.5308251756124167
2025-06-11,1852567.6532149315,1852567.6532149315,0.0,0,-2.5308251756124167
2025-06-12,1852567.6532149315,1852567.6532149315,0.0,0,-2.5308251756124167
2025-06-13,1852567.6532149315,1852567.6532149315,0.0,0,-2.5308251756124167
2025-06-16,1852567.6532149315,1852567.6532149315,0.0,0,-2.5308251756124167
2025-06-17,1852567.6532149315,1852567.6532149315,0.0,0,-2.5308251756124167
2025-06-18,1852567.6532149315,1852567.6532149315,0.0,0,-2.5308251756124167
2025-06-19,1852567.6532149315,1852567.6532149315,0.0,0,-2.5308251756124167
2025-06-20,1852567.6532149315,1852567.6532149315,0.0,0,-2.5308251756124167
2025-06-23,1852567.6532149315,1852567.6532149315,0.0,0,-2.5308251756124167
2025-06-24,1852567.6532149315,1852567.6532149315,0.0,0,-2.5308251756124167
2025-06-25,1852567.6532149315,1852567.6532149315,0.0,0,-2.5308251756124167
2025-06-26,1852567.6532149315,1852567.6532149315,0.0,0,-2.5308251756124167
2025-06-27,1852567.6532149315,1852567.6532149315,0.0,0,-2.5308251756124167
2025-06-30,1852567.6532149315,1852567.6532149315,0.0,0,-2.5308251756124167
2025-07-01,1852567.6532149315,1852567.6532149315,0.0,0,-2.5308251756124167
2025-07-02,1852567.6532149315,1852567.6532149315,0.0,0,-2.5308251756124167
2025-07-03,1852567.6532149315,1852567.6532149315,0.0,0,-2.5308251756124167
2025-07-04,1852567.6532149315,1852567.6532149315,0.0,0,-2.5308251756124167
2025-07-07,1852567.6532149315,1852567.6532149315,0.0,0,-2.5308251756124167
2025-07-08,1852567.6532149315,1852567.6532149315,0.0,0,-2.5308251756124167
2025-07-09,1852567.6532149315,1852567.6532149315,0.0,0,-2.5308251756124167
2025-07-10,1852567.6532149315,1852567.6532149315,0.0,0,-2.5308251756124167
2025-07-11,1852567.6532149315,1852567.6532149315,0.0,0,-2.5308251756124167
2025-07-14,1852567.6532149315,1852567.6532149315,0.0,0,-2.5308251756124167
2025-07-15,1852567.6532149315,1852567.6532149315,0.0,0,-2.5308251756124167
2025-07-16,1852567.6532149315,1852567.6532149315,0.0,0,-2.5308251756124167
2025-07-17,1852567.6532149315,1852567.6532149315,0.0,0,-2.5308251756124167
2025-07-18,1852567.6532149315,1852567.6532149315,0.0,0,-2.5308251756124167
2025-07-21,1852567.6532149315,1852567.6532149315,0.0,0,-2.5308251756124167
2025-07-22,1852567.6532149315,1852567.6532149315,0.0,0,-2.5308251756124167
2025-07-23,1852567.6532149315,1852567.6532149315,0.0,0,-2.5308251756124167
2025-07-24,1852567.6532149315,1852567.6532149315,0.0,0,-2.5308251756124167
2025-07-25,1852567.6532149315,1852567.6532149315,0.0,0,-2.5308251756124167
2025-07-28,1852567.6532149315,1852567.6532149315,0.0,0,-2.5308251756124167
2025-07-29,1852567.6532149315,1852567.6532149315,0.0,0,-2.5308251756124167
2025-07-30,1852567.6532149315,1852567.6532149315,0.0,0,-2.5308251756124167
2025-07-31,1852567.6532149315,1852567.6532149315,0.0,0,-2.5308251756124167
2025-08-01,1852567.6532149315,1852567.6532149315,0.0,0,-2.5308251756124167
2025-08-04,1852567.6532149315,1852567.6532149315,0.0,0,-2.5308251756124167
2025-08-05,1852567.6532149315,1852567.6532149315,0.0,0,-2.5308251756124167
2025-08-06,1852567.6532149315,1852567.6532149315,0.0,0,-2.5308251756124167
2025-08-07,1852567.6532149315,1852567.6532149315,0.0,0,-2.5308251756124167
2025-08-08,1852567.6532149315,1852567.6532149315,0.0,0,-2.5308251756124167
2025-08-11,1852567.6532149315,1852567.6532149315,0.0,0,-2.5308251756124167
2025-08-12,1852567.6532149315,1852567.6532149315,0.0,0,-2.5308251756124167
2025-08-13,1852567.6532149315,1852567.6532149315,0.0,0,-2.5308251756124167
2025-08-14,1852567.6532149315,1852567.6532149315,0.0,0,-2.5308251756124167
2025-08-15,1852567.6532149315,1852567.6532149315,0.0,0,-2.5308251756124167
2025-08-18,1852567.6532149315,1852567.6532149315,0.0,0,-2.5308251756124167
2025-08-19,1852567.6532149315,1852567.6532149315,0.0,0,-2.5308251756124167
2025-08-20,1852567.6532149315,1852567.6532149315,0.0,0,-2.5308251756124167
2025-08-21,1852567.6532149315,1852567.6532149315,0.0,0,-2.5308251756124167
2025-08-22,1852567.6532149315,1852567.6532149315,0.0,0,-2.5308251756124167
2025-08-25,1852567.6532149315,1852567.6532149315,0.0,0,-2.5308251756124167
2025-08-26,1852567.6532149315,1852567.6532149315,0.0,0,-2.5308251756124167
2025-08-27,1852567.6532149315,1852567.6532149315,0.0,0,-2.5308251756124167
2025-08-28,1852567.6532149315,1852567.6532149315,0.0,0,-2.5308251756124167
2025-08-29,1852567.6532149315,1852567.6532149315,0.0,0,-2.5308251756124167
2025-09-01,1852567.6532149315,1852567.6532149315,0.0,0,-2.5308251756124167
2025-09-02,1852567.6532149315,1852567.6532149315,0.0,0,-2.5308251756124167
2025-09-03,1852567.6532149315,1852567.6532149315,0.0,0,-2.5308251756124167
2025-09-04,1852567.6532149315,1852567.6532149315,0.0,0,-2.5308251756124167
2025-09-05,1852567.6532149315,1852567.6532149315,0.0,0,-2.5308251756124167
2025-09-08,1852567.6532149315,1852567.6532149315,0.0,0,-2.5308251756124167
2025-09-09,1852567.6532149315,1852567.6532149315,0.0,0,-2.5308251756124167
2025-09-10,1852567.6532149315,1852567.6532149315,0.0,0,-2.5308251756124167
2025-09-11,1852567.6532149315,1852567.6532149315,0.0,0,-2.5308251756124167
2025-09-12,1852567.6532149315,1852567.6532149315,0.0,0,-2.5308251756124167
2025-09-15,1852567.6532149315,1852567.6532149315,0.0,0,-2.5308251756124167
2025-09-16,1852567.6532149315,1852567.6532149315,0.0,0,-2.5308251756124167
2025-09-17,1852567.6532149315,1852567.6532149315,0.0,0,-2.5308251756124167
2025-09-18,1852567.6532149315,1852567.6532149315,0.0,0,-2.5308251756124167
2025-09-19,1842452.703988552,4224.821984767914,1838227.8820037842,10,-3.0630031788150824
2025-09-22,1813415.5592799187,4224.821984767914,1809190.7372951508,10,-4.590734988822276
2025-09-23,1844406.3236117363,4224.821984767914,1840181.5016269684,10,-2.960217354900885
2025-09-24,1836595.1907992363,4224.821984767914,1832370.3688144684,10,-3.3711846242239996
2025-09-25,1827405.0535082817,4224.821984767914,1823180.2315235138,10,-3.854705480651399
2025-09-26,1828643.7257647514,4224.821984767914,1824418.9037799835,10,-3.7895351952335066
2025-09-29,1816058.0815672874,4224.821984767914,1811833.2595825195,10,-4.451703916808302
2025-09-30,1810805.9916377068,4224.821984767914,1806581.1696529388,10,-4.728032217505628
2025-10-09,1815889.8665308952,4224.821984767914,1811665.0445461273,10,-4.460554217504075
2025-10-10,1828003.120458126,4224.821984767914,1823778.2984733582,10,-3.8232393736026715
2025-10-13,1832330.7209849358,4224.821984767914,1828105.8990001678,10,-3.595551250264384
2025-10-14,1878731.1077475548,4224.821984767914,1874506.2857627869,10,-1.1542868778478543
2025-10-15,1887584.4928145409,4224.821984767914,1883359.670829773,10,-0.6884835721579496
2025-10-16,1924646.398818493,4224.821984767914,1920421.576833725,10,0.0
2025-10-17,1921548.330628872,4224.821984767914,1917323.508644104,10,-0.16096817532419427
2025-10-20,1923615.2532935143,4224.821984767914,1919390.4313087463,10,-0.05357584258655068
2025-10-21,1929110.237634182,4224.821984767914,1924885.415649414,10,0.0
2025-10-22,1953245.3507781029,4224.821984767914,1949020.528793335,10,0.0
2025-10-23,1961659.207379818,4224.821984767914,1957434.38539505,10,0.0
2025-10-24,1961597.2501635551,4224.821984767914,1957372.4281787872,10,-0.003158408760794984
2025-10-27,1978347.988831997,4224.821984767914,1974123.166847229,10,0.0
2025-10-28,1980236.5750193596,4224.821984767914,1976011.7530345917,10,0.0
2025-10-29,1948802.26405859,4224.821984767914,1944577.442073822,10,-1.5874017961950981
2025-10-30,1953653.1757712364,4224.821984767914,1949428.3537864685,10,-1.3424355242940278
2025-10-31,1950552.7641177177,4224.821984767914,1946327.9421329498,10,-1.499003264362575
2025-11-03,1978600.4417300224,4224.821984767914,1974375.6197452545,10,-0.08262312240754355
2025-11-04,2007569.1470980644,4224.821984767914,2003344.3251132965,10,0.0
2025-11-05,2004214.2865538597,4224.821984767914,1999989.4645690918,10,-0.16711058491082342
2025-11-06,2002593.469274044,4224.821984767914,1998368.6472892761,10,-0.247845900163024
2025-11-07,1998059.6496462822,4224.821984767914,1993834.8276615143,10,-0.47368218751160374
2025-11-10,2010211.7285132408,4224.821984767914,2005986.906528473,10,0.0
2025-11-11,1996199.1083979607,1996199.1083979607,0.0,0,-0.6970718515130758
2025-11-12,1996199.1083979607,1996199.1083979607,0.0,0,-0.6970718515130758
2025-11-13,1996199.1083979607,1996199.1083979607,0.0,0,-0.6970718515130758
2025-11-14,1996199.1083979607,1996199.1083979607,0.0,0,-0.6970718515130758
2025-11-17,1996199.1083979607,1996199.1083979607,0.0,0,-0.6970718515130758
2025-11-18,1996199.1083979607,1996199.1083979607,0.0,0,-0.6970718515130758
2025-11-19,1996199.1083979607,1996199.1083979607,0.0,0,-0.6970718515130758
2025-11-20,1996199.1083979607,1996199.1083979607,0.0,0,-0.6970718515130758
2025-11-21,1986836.1173272133,7.536971569061279,1986828.5803556442,1,-1.1628432395684118
2025-11-24,2021479.161965847,7.536971569061279,2021471.624994278,1,0.0
2025-11-25,2094510.626256466,7.536971569061279,2094503.0892848969,1,0.0
2025-11-26,2105746.304833889,7.536971569061279,2105738.76786232,1,0.0
2025-11-27,2092637.9387497902,7.536971569061279,2092630.4017782211,1,-0.6225045274451002
2025-11-28,2125408.519113064,7.536971569061279,2125400.9821414948,1,0.0
2025-12-01,2123535.831606388,7.536971569061279,2123528.294634819,1,-0.0881095323480352
2025-12-02,2124472.2869753838,7.536971569061279,2124464.7500038147,1,-0.04404951468204299
2025-12-03,2175032.3941111565,7.536971569061279,2175024.8571395874,1,0.0
2025-12-04,2179714.001262188,7.536971569061279,2179706.464290619,1,0.0
2025-12-05,2198439.9834036827,7.536971569061279,2198432.4464321136,1,0.0
2025-12-08,2198439.9834036827,7.536971569061279,2198432.4464321136,1,0.0
2025-12-09,2112917.444574833,5432.359898090363,2107485.0846767426,10,-3.8901466255376937
2025-12-10,2089785.78697443,5432.359898090363,2084353.4270763397,10,-4.942331710189851
2025-12-11,2085621.3111519814,5432.359898090363,2080188.951253891,10,-5.1317603893390125
2025-12-12,2069438.302576542,5432.359898090363,2064005.9426784515,10,-5.867873665007539
2025-12-15,2064677.7559399605,5432.359898090363,2059245.3960418701,10,-6.084415698109169
2025-12-16,2048586.2421631813,5432.359898090363,2043153.882265091,10,-6.816367168163218
2025-12-17,2054862.0046257973,5432.359898090363,2049429.644727707,10,-6.530902815713635
2025-12-18,2088096.417915821,5432.359898090363,2082664.0580177307,10,-5.019175702810175
2025-12-19,2084127.545940876,5432.359898090363,2078695.1860427856,10,-5.199706988854214
2025-12-22,2085632.8363060951,5432.359898090363,2080200.4764080048,10,-5.1312361469580186
2025-12-23,2091910.2990746498,5432.359898090363,2086477.9391765594,10,-4.845694453032134
2025-12-24,2100810.5242848396,5432.359898090363,2095378.1643867493,10,-4.440851688281732
2025-12-25,2118410.672581196,5432.359898090363,2112978.3126831055,10,-3.640277261450797
2025-12-26,2140779.630291462,5432.359898090363,2135347.2703933716,10,-2.622784954217827
2025-12-29,2136547.572338581,5432.359898090363,2131115.2124404907,10,-2.8152877282225486
2025-12-30,2114797.947704792,5432.359898090363,2109365.5878067017,10,-3.804608555626521
2025-12-31,2115851.2376904488,5432.359898090363,2110418.8777923584,10,-3.7566977646288913
2026-01-05,2096737.9362225533,5432.359898090363,2091305.576324463,10,-4.62610068725513
2026-01-06,2107936.681139469,5432.359898090363,2102504.321241379,10,-4.1167056161384945
2026-01-07,2102564.0709519386,5432.359898090363,2097131.7110538483,10,-4.361088461614793
2026-01-08,2089135.326206684,5432.359898090363,2083702.9663085938,10,-4.971919089088361
2026-01-09,2085852.586567402,5432.359898090363,2080420.2266693115,10,-5.121240410755723
2026-01-12,2097587.512552738,5432.359898090363,2092155.1526546478,10,-4.587456178576321
2026-01-13,2098728.0653595924,5432.359898090363,2093295.705461502,10,-4.535576081076986
2026-01-14,2070100.4046559334,5432.359898090363,2064668.044757843,10,-5.837756760093615
2026-01-15,2053070.3907608986,5432.359898090363,2047638.0308628082,10,-6.612397597396269
2026-01-16,2026531.1747193336,5432.359898090363,2021098.8148212433,10,-7.819581611602389
2026-01-19,2021812.442934513,5432.359898090363,2016380.0830364227,10,-8.03422162090185
2026-01-20,2036432.5421452522,5432.359898090363,2031000.1822471619,10,-7.369200091039385
2026-01-21,2004112.6465916634,5432.359898090363,1998680.286693573,10,-8.839328718501404
2026-01-22,2003296.6640591621,5432.359898090363,1997864.3041610718,10,-8.876445152821255
2026-01-23,1991838.2353425026,5432.359898090363,1986405.8754444122,10,-9.397652409019319
2026-01-26,2002162.9414200783,5432.359898090363,1996730.581521988,10,-8.928014567844745
2026-01-27,1990813.9215111732,5432.359898090363,1985381.561613083,10,-9.444245167478138
2026-01-28,1987382.6843380928,5432.359898090363,1981950.3244400024,10,-9.600321166776881
2026-01-29,2006187.6408219337,5432.359898090363,2000755.2809238434,10,-8.744943870794186
2026-01-30,2004567.151749134,5432.359898090363,1999134.7918510437,10,-8.818654733270892
2026-02-02,1988505.9178948402,5432.359898090363,1983073.5579967499,10,-9.54922886654459
2026-02-03,1970806.2873005867,5432.359898090363,1965373.9274024963,10,-10.354328424770898
2026-02-04,2008950.6373524666,5432.359898090363,2003518.2774543762,10,-8.619264000004389
2026-02-05,2021717.136490345,5432.359898090363,2016284.7765922546,10,-8.038556806073494
2026-02-06,2011008.8629364967,5432.359898090363,2005576.5030384064,10,-8.525641904356206
2026-02-09,2022006.1978936195,5432.359898090363,2016573.8379955292,10,-8.025408327813599
2026-02-10,2025999.7419953346,5432.359898090363,2020567.3820972443,10,-7.843754785671775
2026-02-11,2031735.5671525002,5432.359898090363,2026303.2072544098,10,-7.582850453487766
2026-02-12,2007705.7510972023,5432.359898090363,2002273.391199112,10,-8.675889892212595
2026-02-13,1983193.2894349098,5432.359898090363,1977760.9295368195,10,-9.79088333516943
2026-02-24,1988229.2579770088,5432.359898090363,1982796.8980789185,10,-9.561813240915507
2026-02-25,1982509.350502491,5432.359898090363,1977076.9906044006,10,-9.821993528651262
2026-02-26,1978601.664364338,5432.359898090363,1973169.3044662476,10,-9.99974166676978
2026-02-27,1983200.6776452065,5432.359898090363,1977768.317747116,10,-9.790547269124772
2026-03-02,2007189.8952126503,5432.359898090363,2001757.53531456,10,-8.699354525700265
2026-03-03,1989920.9727406502,1989920.9727406502,0.0,0,-9.48486254967934
2026-03-04,1989920.9727406502,1989920.9727406502,0.0,0,-9.48486254967934
2026-03-05,1989920.9727406502,1989920.9727406502,0.0,0,-9.48486254967934
2026-03-06,1989920.9727406502,1989920.9727406502,0.0,0,-9.48486254967934
2026-03-09,1989920.9727406502,1989920.9727406502,0.0,0,-9.48486254967934
2026-03-10,1989920.9727406502,1989920.9727406502,0.0,0,-9.48486254967934
2026-03-11,1989920.9727406502,1989920.9727406502,0.0,0,-9.48486254967934
2026-03-12,1989920.9727406502,1989920.9727406502,0.0,0,-9.48486254967934
2026-03-13,1989920.9727406502,1989920.9727406502,0.0,0,-9.48486254967934
2026-03-16,1989920.9727406502,1989920.9727406502,0.0,0,-9.48486254967934
2026-03-17,1989920.9727406502,1989920.9727406502,0.0,0,-9.48486254967934
2026-03-18,1989920.9727406502,1989920.9727406502,0.0,0,-9.48486254967934
2026-03-19,1989920.9727406502,1989920.9727406502,0.0,0,-9.48486254967934
2026-03-20,1989920.9727406502,1989920.9727406502,0.0,0,-9.48486254967934
2026-03-23,1989920.9727406502,1989920.9727406502,0.0,0,-9.48486254967934
2026-03-24,1970970.0404286385,145630.5476307869,1825339.4927978516,10,-10.346879818973697
2026-03-25,2036391.6361927986,145630.5476307869,1890761.0885620117,10,-7.37106077192049
2026-03-26,1989748.5179066658,145630.5476307869,1844117.970275879,10,-9.492706968234598
2026-03-27,1991628.4831166267,145630.5476307869,1845997.9354858398,10,-9.407193366582833
2026-03-30,1977775.5442738533,145630.5476307869,1832144.9966430664,10,-10.037319226162856
2026-03-31,1891308.7123036385,145630.5476307869,1745678.1646728516,10,-13.970418725033174
2026-04-01,1954546.5739369392,145630.5476307869,1808916.0263061523,10,-11.09393075580536
2026-04-02,1917068.7266469002,145630.5476307869,1771438.1790161133,10,-12.79867810269517
2026-04-03,1923563.5783314705,145630.5476307869,1777933.0307006836,10,-12.503248082608165
2026-04-07,1968791.0670399666,145630.5476307869,1823160.5194091797,10,-10.445994345871002
2026-04-08,2064525.759422779,145630.5476307869,1918895.2117919922,10,-6.091329533298162
2026-04-09,2082276.4170765877,145630.5476307869,1936645.8694458008,10,-5.283908917415503
2026-04-10,2154280.4911732674,145630.5476307869,2008649.9435424805,10,-2.008673994458854
2026-04-13,2200627.8987050056,145630.5476307869,2054997.3510742188,10,0.0
2026-04-14,2278193.064415455,145630.5476307869,2132562.516784668,10,0.0
2026-04-15,2268308.9244008064,145630.5476307869,2122678.3767700195,10,-0.43385875275607777
2026-04-16,2292645.7926869392,145630.5476307869,2147015.2450561523,10,0.0
2026-04-17,2292339.0544056892,145630.5476307869,2146708.5067749023,10,-0.013379226840382064
2026-04-20,2339399.8210072517,145630.5476307869,2193769.273376465,10,0.0
2026-04-21,2314580.6483387947,145630.5476307869,2168950.100708008,10,-1.0609205166892344
2026-04-22,2377245.9879994392,145630.5476307869,2231615.4403686523,10,0.0
2026-04-23,2298703.300011158,145630.5476307869,2153072.752380371,10,-3.303936083382708
2026-04-24,2320141.3294911385,145630.5476307869,2174510.7818603516,10,-2.402135025006691
2026-04-27,2402066.047203541,145630.5476307869,2256435.499572754,10,0.0
2026-04-28,2375033.7107777596,145630.5476307869,2229403.1631469727,10,-1.125378565558266
2026-04-29,2379872.7122426033,145630.5476307869,2234242.1646118164,10,-0.9239269247727333
2026-04-30,2498985.442650318,145630.5476307869,2353354.8950195312,10,0.0
2026-05-06,2697720.3456044197,145630.5476307869,2552089.797973633,10,0.0
2026-05-07,2742298.1028676033,145630.5476307869,2596667.5552368164,10,0.0
2026-05-08,2651796.770775318,145630.5476307869,2506166.2231445312,10,-3.3002003683570535
2026-05-11,2823622.0881581306,145630.5476307869,2677991.5405273438,10,0.0
2026-05-12,2817209.8475575447,145630.5476307869,2671579.299926758,10,-0.22709273409773356
2026-05-13,2945887.2477650642,145630.5476307869,2800256.7001342773,10,0.0
2026-05-14,2939092.1107411385,145630.5476307869,2793461.5631103516,10,-0.2306652105942275
2026-05-15,2865248.446190357,145630.5476307869,2719617.8985595703,10,-2.737334962018134
2026-05-18,2839567.739403248,2839567.739403248,0.0,0,-3.6090827455286023
2026-05-19,2839567.739403248,2839567.739403248,0.0,0,-3.6090827455286023
2026-05-20,2839567.739403248,2839567.739403248,0.0,0,-3.6090827455286023
2026-05-21,2839567.739403248,2839567.739403248,0.0,0,-3.6090827455286023
2026-05-22,2839567.739403248,2839567.739403248,0.0,0,-3.6090827455286023
2026-05-25,2839567.739403248,2839567.739403248,0.0,0,-3.6090827455286023
2026-05-26,2839567.739403248,2839567.739403248,0.0,0,-3.6090827455286023
2026-05-27,2839567.739403248,2839567.739403248,0.0,0,-3.6090827455286023
2026-05-28,2839567.739403248,2839567.739403248,0.0,0,-3.6090827455286023
2026-05-29,2839567.739403248,2839567.739403248,0.0,0,-3.6090827455286023
2026-06-01,2839567.739403248,2839567.739403248,0.0,0,-3.6090827455286023
2026-06-02,2839567.739403248,2839567.739403248,0.0,0,-3.6090827455286023
2026-06-03,2839567.739403248,2839567.739403248,0.0,0,-3.6090827455286023
2026-06-04,2839567.739403248,2839567.739403248,0.0,0,-3.6090827455286023
2026-06-05,2839567.739403248,2839567.739403248,0.0,0,-3.6090827455286023
2026-06-08,2839567.739403248,2839567.739403248,0.0,0,-3.6090827455286023
2026-06-09,2839567.739403248,2839567.739403248,0.0,0,-3.6090827455286023
2026-06-10,2839567.739403248,2839567.739403248,0.0,0,-3.6090827455286023
2026-06-11,2839567.739403248,2839567.739403248,0.0,0,-3.6090827455286023
2026-06-12,2839567.739403248,2839567.739403248,0.0,0,-3.6090827455286023
2026-06-15,2839567.739403248,2839567.739403248,0.0,0,-3.6090827455286023
2026-06-16,2839567.739403248,2839567.739403248,0.0,0,-3.6090827455286023
2026-06-17,2839567.739403248,2839567.739403248,0.0,0,-3.6090827455286023
2026-06-18,2839567.739403248,2839567.739403248,0.0,0,-3.6090827455286023
2026-06-22,2817808.4681153297,11159.091770648956,2806649.376344681,10,-4.347714928563651
2026-06-23,2802610.8073353767,11159.091770648956,2791451.715564728,10,-4.863609105826638
2026-06-24,2747397.026026249,11159.091770648956,2736237.9342556,10,-6.737875724517373
2026-06-25,2689341.444647312,11159.091770648956,2678182.352876663,10,-8.708609038325687
2026-06-26,2665588.7086987495,11159.091770648956,2654429.6169281006,10,-9.514910636140838
2026-06-29,2688283.777296543,11159.091770648956,2677124.685525894,10,-8.744512223404188
2026-06-30,2639038.2788300514,11159.091770648956,2627879.1870594025,10,-10.416181718014084
2026-07-01,2637044.196522236,11159.091770648956,2625885.104751587,10,-10.483872099216839
2026-07-02,2658923.0631947517,11159.091770648956,2647763.971424103,10,-9.741180175447028
2026-07-03,2685577.046787739,11159.091770648956,2674417.95501709,10,-8.836393897112426
2026-07-06,2722850.80190897,11159.091770648956,2711691.710138321,10,-7.571112778511935
2026-07-07,2738197.3890423775,11159.091770648956,2727038.2972717285,10,-7.050163202283233
2026-07-08,2766067.9762005806,11159.091770648956,2754908.8844299316,10,-6.104078548861835
2026-07-09,2749916.637814045,11159.091770648956,2738757.546043396,10,-6.652345913771651
2026-07-10,2781802.7883172035,11159.091770648956,2770643.6965465546,10,-5.569950430802995
2026-07-13,2837239.1243100166,11159.091770648956,2826080.0325393677,10,-3.6881290530543898
2026-07-14,2875133.073437214,11159.091770648956,2863973.981666565,10,-2.401795057890588
2026-07-15,2896535.044872761,11159.091770648956,2885375.953102112,10,-1.6752916436209575
2026-07-16,2867543.08334589,11159.091770648956,2856383.991575241,10,-2.6594420570105304
2026-07-17,2878023.041689396,11159.091770648956,2866863.949918747,10,-2.3036932634524443
2026-07-20,2975710.0996613503,11159.091770648956,2964551.0078907013,10,0.0
2026-07-21,2928559.047472477,11159.091770648956,2917399.955701828,10,-1.5845311071881363
2026-07-22,2993107.030546665,11159.091770648956,2981947.9387760162,10,0.0
2026-07-23,3024256.100142002,11159.091770648956,3013097.008371353,10,0.0
2026-07-24,3018043.078482151,11159.091770648956,3006883.986711502,10,-0.20543966695014682
2026-07-27,3018263.094866276,11159.091770648956,3007104.003095627,10,-0.1981646089907807
2026-07-28,3051786.082661152,11159.091770648956,3040626.990890503,10,0.0
2026-07-29,3047121.0271954536,11159.091770648956,3035961.9354248047,10,-0.15286312144232594
2026-07-30,3025553.148853779,134.63584184646606,3025418.5130119324,1,-0.8595928121049035
2026-07-31,3146473.0335354805,134.63584184646606,3146338.397693634,1,0.0
2026-08-03,3180330.7742238045,134.63584184646606,3180196.138381958,1,0.0
2026-08-04,3291576.8951535225,134.63584184646606,3291442.259311676,1,0.0
2026-08-05,3440308.670437336,134.63584184646606,3440174.0345954895,1,0.0
2026-08-06,3408869.4427609444,134.63584184646606,3408734.806919098,1,-0.9138490376328634
2026-08-07,3437890.1574254036,134.63584184646606,3437755.521583557,1,-0.07029930287112407
2026-08-10,3417333.805859089,134.63584184646606,3417199.1700172424,1,-0.6678140474914551
2026-08-11,3326643.7481999397,134.63584184646606,3326509.1123580933,1,-3.303916396052542
2026-08-12,3355664.751160145,134.63584184646606,3355530.1153182983,1,-2.4603582813524483
2026-08-13,3368965.8519864082,134.63584184646606,3368831.216144562,1,-2.073733065407135
2026-08-14,3469329.385101795,134.63584184646606,3469194.7492599487,1,0.0
2026-08-17,3477793.7481999397,134.63584184646606,3477659.1123580933,1,0.0
2026-08-18,3414915.2928471565,134.63584184646606,3414780.65700531,1,-1.8079984008634309
2026-08-19,3352037.125790119,134.63584184646606,3351902.4899482727,1,-3.6159885121108903
2026-08-20,3376221.1027264595,134.63584184646606,3376086.466884613,1,-2.9206057871043356
2026-08-21,3364129.1142582893,134.63584184646606,3363994.478416443,1,-3.268297149607613
2026-08-24,3291576.8951535225,134.63584184646606,3291442.259311676,1,-5.354453614243249
2026-08-25,3356873.863518238,134.63584184646606,3356739.2276763916,1,-3.4769136250327737
2026-08-26,3373802.589714527,134.63584184646606,3373667.9538726807,1,-2.9901473754513797
2026-08-27,3410078.5551190376,134.63584184646606,3409943.919277191,1,-1.9470732879415475
2026-08-28,3397986.5666508675,134.63584184646606,3397851.930809021,1,-2.294764650444825
2026-08-31,3407660.330402851,134.63584184646606,3407525.6945610046,1,-2.01660658667262
2026-09-01,3416124.6935009956,134.63584184646606,3415990.057659149,1,-1.7732234618819231
2026-09-02,3354455.3505063057,134.63584184646606,3354320.714664459,1,-3.5464552133798177
2026-09-03,3356873.863518238,134.63584184646606,3356739.2276763916,1,-3.4769136250327737
2026-09-04,3425798.1689572334,134.63584184646606,3425663.533115387,1,-1.4950736877256898
2026-09-07,3441517.782795429,134.63584184646606,3441383.1469535828,1,-1.043074087509832
2026-09-08,3439099.5580792427,134.63584184646606,3438964.9222373962,1,-1.1126073862409047
2026-09-09,3443936.2958073616,134.63584184646606,3443801.659965515,1,-0.9735324991627881
2026-09-10,3435471.932709217,134.63584184646606,3435337.2968673706,1,-1.216915623953485
2026-09-11,3424589.05659914,134.63584184646606,3424454.4207572937,1,-1.5298403370912261
2026-09-14,3384685.465824604,134.63584184646606,3384550.8299827576,1,-2.6772226623136386
2026-09-15,3387103.9788365364,134.63584184646606,3386969.34299469,1,-2.6076810739665945
2026-09-16,3428216.681969166,134.63584184646606,3428082.0461273193,1,-1.4255320993786458
2026-09-17,3427007.5696110725,134.63584184646606,3426872.933769226,1,-1.460298748744182
2026-09-18,3526161.7020726204,134.63584184646606,3526027.066230774,1,0.0
2026-09-21,3585412.532055378,134.63584184646606,3585277.8962135315,1,0.0
2026-09-22,3686985.465824604,134.63584184646606,3686850.8299827576,1,0.0
2026-09-23,3754700.658905506,134.63584184646606,3754566.0230636597,1,0.0
2026-09-24,3716006.1804890633,134.63584184646606,3715871.544647217,1,-1.0305609403153393
2026-09-28,3724470.543587208,134.63584184646606,3724335.9077453613,1,-0.8051271742954391
2026-09-29,3795813.3620381355,134.63584184646606,3795678.726196289,1,0.0
2026-09-30,3862319.4427609444,134.63584184646606,3862184.806919098,1,0.0
