date,side,signal_etf,symbol,shares,price,notional,commission,stamp_duty
2023-06-27,BUY,510880.SH,601398.SH,25200,3.9584908485412598,99753.96938323975,0.0,0.0
2023-06-27,BUY,510880.SH,601288.SH,34300,2.9136180877685547,99937.10041046143,0.0,0.0
2023-06-27,BUY,510880.SH,601988.SH,31300,3.1889398097991943,99813.81604671478,0.0,0.0
2023-06-27,BUY,510880.SH,600028.SH,18600,5.367441654205322,99834.414768219,0.0,0.0
2023-06-27,BUY,510880.SH,600048.SH,7900,12.548429489135742,99132.59296417236,0.0,0.0
2023-06-27,BUY,510880.SH,601088.SH,4200,23.740819931030273,99711.44371032715,0.0,0.0
2023-06-27,BUY,510880.SH,601225.SH,7400,13.42689037322998,99358.98876190186,0.0,0.0
2023-06-27,BUY,510880.SH,601328.SH,21400,4.651483058929443,99541.73746109009,0.0,0.0
2023-06-27,BUY,510880.SH,601939.SH,19600,5.099583148956299,99951.82971954346,0.0,0.0
2023-06-27,BUY,510880.SH,601928.SH,10500,9.489705085754395,99641.90340042114,0.0,0.0
2023-08-01,SELL,510880.SH,601398.SH,25200,4.15759801864624,104771.47006988525,0.0,0.0
2023-08-01,SELL,510880.SH,601288.SH,34300,3.144742965698242,107864.6837234497,0.0,0.0
2023-08-01,SELL,510880.SH,601988.SH,31300,3.401520013809204,106467.57643222809,0.0,0.0
2023-08-01,SELL,510880.SH,600028.SH,18600,5.290641784667969,98405.93719482422,0.0,0.0
2023-08-01,SELL,510880.SH,600048.SH,7900,13.00221061706543,102717.4638748169,0.0,0.0
2023-08-01,SELL,510880.SH,601088.SH,4200,24.224239349365234,101741.80526733398,0.0,0.0
2023-08-01,SELL,510880.SH,601225.SH,7400,13.792169570922852,102062.0548248291,0.0,0.0
2023-08-01,SELL,510880.SH,601328.SH,21400,4.986399173736572,106708.94231796265,0.0,0.0
2023-08-01,SELL,510880.SH,601939.SH,19600,5.3097004890441895,104070.12958526611,0.0,0.0
2023-08-01,SELL,510880.SH,601928.SH,10500,8.920063972473145,93660.67171096802,0.0,0.0
2023-12-22,BUY,510880.SH,601398.SH,24500,4.201362609863281,102933.38394165039,0.0,0.0
2023-12-22,BUY,510880.SH,601288.SH,32300,3.188541889190674,102989.90302085876,0.0,0.0
2023-12-22,BUY,510880.SH,600048.SH,11200,9.149703979492188,102476.6845703125,0.0,0.0
2023-12-22,BUY,510880.SH,601088.SH,3800,27.040416717529297,102753.58352661133,0.0,0.0
2023-12-22,BUY,510880.SH,601225.SH,5800,17.716978073120117,102758.47282409668,0.0,0.0
2023-12-22,BUY,510880.SH,601988.SH,29400,3.50645112991333,103089.6632194519,0.0,0.0
2023-12-22,BUY,510880.SH,600028.SH,22100,4.667966842651367,103162.06722259521,0.0,0.0
2023-12-22,BUY,510880.SH,601169.SH,27300,3.778578042984009,103155.18057346344,0.0,0.0
2023-12-22,BUY,510880.SH,601328.SH,20500,5.012279510498047,102751.72996520996,0.0,0.0
2023-12-22,BUY,510880.SH,601939.SH,18400,5.5877861976623535,102815.2660369873,0.0,0.0
2024-01-04,SELL,510880.SH,601398.SH,24500,4.227620601654053,103576.70474052429,0.0,0.0
2024-01-04,SELL,510880.SH,601288.SH,32300,3.241100311279297,104687.54005432129,0.0,0.0
2024-01-04,SELL,510880.SH,600048.SH,11200,8.381054878234863,93867.81463623047,0.0,0.0
2024-01-04,SELL,510880.SH,601088.SH,3800,28.255905151367188,107372.43957519531,0.0,0.0
2024-01-04,SELL,510880.SH,601225.SH,5800,18.21928596496582,105671.85859680176,0.0,0.0
2024-01-04,SELL,510880.SH,601988.SH,29400,3.5326836109161377,103860.89816093445,0.0,0.0
2024-01-04,SELL,510880.SH,600028.SH,22100,4.920997142791748,108754.03685569763,0.0,0.0
2024-01-04,SELL,510880.SH,601169.SH,27300,3.8892123699188232,106175.49769878387,0.0,0.0
2024-01-04,SELL,510880.SH,601328.SH,20500,5.038160800933838,103282.29641914368,0.0,0.0
2024-01-04,SELL,510880.SH,601939.SH,18400,5.726829528808594,105373.66333007812,0.0,0.0
2024-01-23,BUY,510880.SH,601398.SH,24200,4.306396484375,104214.794921875,0.0,0.0
2024-01-23,BUY,510880.SH,601288.SH,32200,3.241100311279297,104363.43002319336,0.0,0.0
2024-01-23,BUY,510880.SH,601328.SH,20900,4.986399173736572,104215.74273109436,0.0,0.0
2024-01-23,BUY,510880.SH,601088.SH,3600,28.932132720947266,104155.67779541016,0.0,0.0
2024-01-23,BUY,510880.SH,601988.SH,29800,3.497706890106201,104231.6653251648,0.0,0.0
2024-01-23,BUY,510880.SH,600028.SH,22500,4.633066177368164,104243.98899078369,0.0,0.0
2024-01-23,BUY,510880.SH,601225.SH,5300,19.5644474029541,103691.57123565674,0.0,0.0
2024-01-23,BUY,510880.SH,601939.SH,18300,5.68337869644165,104005.8301448822,0.0,0.0
2024-01-23,BUY,510880.SH,601818.SH,40600,2.571845769882202,104416.9382572174,0.0,0.0
2024-01-23,BUY,510880.SH,601006.SH,16400,6.348326683044434,104112.55760192871,0.0,0.0
2024-01-29,SELL,510880.SH,601398.SH,24200,4.446441650390625,107603.88793945312,0.0,0.0
2024-01-29,SELL,510880.SH,601288.SH,32200,3.381255865097046,108876.43885612488,0.0,0.0
2024-01-29,SELL,510880.SH,601328.SH,20900,5.158938884735107,107821.82269096375,0.0,0.0
2024-01-29,SELL,510880.SH,601088.SH,3600,30.387298583984375,109394.27490234375,0.0,0.0
2024-01-29,SELL,510880.SH,601988.SH,29800,3.707569122314453,110485.5598449707,0.0,0.0
2024-01-29,SELL,510880.SH,600028.SH,22500,5.034424304962158,113274.54686164856,0.0,0.0
2024-01-29,SELL,510880.SH,601225.SH,5300,20.07526969909668,106398.9294052124,0.0,0.0
2024-01-29,SELL,510880.SH,601939.SH,18300,5.926703453063965,108458.67319107056,0.0,0.0
2024-01-29,SELL,510880.SH,601818.SH,40600,2.6922664642333984,109306.01844787598,0.0,0.0
2024-01-29,SELL,510880.SH,601006.SH,16400,6.452826499938965,105826.35459899902,0.0,0.0
2024-02-05,BUY,516510.SH,300308.SZ,1300,83.62835693359375,108716.86401367188,0.0,0.0
2024-02-05,BUY,516510.SH,002230.SZ,2600,41.096534729003906,106850.99029541016,0.0,0.0
2024-02-05,BUY,516510.SH,300502.SZ,4400,24.575286865234375,108131.26220703125,0.0,0.0
2024-02-05,BUY,516510.SH,000977.SZ,3800,28.54857063293457,108484.56840515137,0.0,0.0
2024-02-05,BUY,516510.SH,603019.SH,3500,30.984113693237305,108444.39792633057,0.0,0.0
2024-02-05,BUY,516510.SH,300002.SZ,11300,9.64983081817627,109043.08824539185,0.0,0.0
2024-02-05,BUY,516510.SH,688111.SH,500,213.6260986328125,106813.04931640625,0.0,0.0
2024-02-05,BUY,516510.SH,600570.SH,5500,19.654752731323242,108101.14002227783,0.0,0.0
2024-02-05,BUY,516510.SH,300017.SZ,13900,7.823477745056152,108746.34065628052,0.0,0.0
2024-02-05,BUY,516510.SH,300339.SZ,5700,19.12224578857422,108996.80099487305,0.0,0.0
2024-03-26,SELL,516510.SH,300308.SZ,1300,106.8232421875,138870.21484375,0.0,0.0
2024-03-26,SELL,516510.SH,002230.SZ,2600,47.273921966552734,122912.19711303711,0.0,0.0
2024-03-26,SELL,516510.SH,300502.SZ,4400,33.449554443359375,147178.03955078125,0.0,0.0
2024-03-26,SELL,516510.SH,000977.SZ,3800,39.33248519897461,149463.44375610352,0.0,0.0
2024-03-26,SELL,516510.SH,603019.SH,3500,47.724021911621094,167034.07669067383,0.0,0.0
2024-03-26,SELL,516510.SH,300002.SZ,11300,9.80626106262207,110810.7500076294,0.0,0.0
2024-03-26,SELL,516510.SH,688111.SH,500,301.14605712890625,150573.02856445312,0.0,0.0
2024-03-26,SELL,516510.SH,600570.SH,5500,22.74419593811035,125093.07765960693,0.0,0.0
2024-03-26,SELL,516510.SH,300017.SZ,13900,8.547358512878418,118808.28332901001,0.0,0.0
2024-03-26,SELL,516510.SH,300339.SZ,5700,22.531946182250977,128432.09323883057,0.0,0.0
2024-04-22,BUY,159509.SZ,159509.SZ,1099800,1.24399995803833,1368151.1538505554,0.0,0.0
2024-05-24,SELL,159509.SZ,159509.SZ,1099800,1.406999945640564,1547418.5402154922,0.0,0.0
2024-08-02,BUY,159509.SZ,159509.SZ,1008700,1.534000039100647,1547345.8394408226,0.0,0.0
2024-09-13,SELL,159509.SZ,159509.SZ,1008700,1.5420000553131104,1555415.4557943344,0.0,0.0
2024-09-13,BUY,510880.SH,601288.SH,37300,4.167597770690918,155451.39684677124,0.0,0.0
2024-09-13,BUY,510880.SH,601398.SH,30200,5.141174793243408,155263.47875595093,0.0,0.0
2024-09-13,BUY,510880.SH,601328.SH,25900,5.988626003265381,155105.41348457336,0.0,0.0
2024-09-13,BUY,510880.SH,601088.SH,4500,34.41456604003906,154865.54718017578,0.0,0.0
2024-09-13,BUY,510880.SH,601939.SH,23700,6.55451774597168,155342.0705795288,0.0,0.0
2024-09-13,BUY,510880.SH,601988.SH,36200,4.294743537902832,155469.71607208252,0.0,0.0
2024-09-13,BUY,510880.SH,600028.SH,26900,5.770694255828857,155231.67548179626,0.0,0.0
2024-09-13,BUY,510880.SH,601077.SH,34800,4.463755130767822,155338.67855072021,0.0,0.0
2024-09-13,BUY,510880.SH,600188.SH,13000,11.930072784423828,155090.94619750977,0.0,0.0
2024-09-13,BUY,510880.SH,601006.SH,28100,5.527911186218262,155334.30433273315,0.0,0.0
2024-10-08,SELL,510880.SH,601288.SH,37300,4.352413654327393,162345.02930641174,0.0,0.0
2024-10-08,SELL,510880.SH,601398.SH,30200,5.564999580383301,168062.98732757568,0.0,0.0
2024-10-08,SELL,510880.SH,601328.SH,25900,6.568463325500488,170123.20013046265,0.0,0.0
2024-10-08,SELL,510880.SH,601088.SH,4500,36.7395133972168,165327.8102874756,0.0,0.0
2024-10-08,SELL,510880.SH,601939.SH,23700,7.086212635040283,167943.2394504547,0.0,0.0
2024-10-08,SELL,510880.SH,601988.SH,36200,4.524654865264893,163792.5061225891,0.0,0.0
2024-10-08,SELL,510880.SH,600028.SH,26900,6.305359363555908,169614.16687965393,0.0,0.0
2024-10-08,SELL,510880.SH,601077.SH,34800,4.772226333618164,166073.4764099121,0.0,0.0
2024-10-08,SELL,510880.SH,600188.SH,13000,14.448845863342285,187834.9962234497,0.0,0.0
2024-10-08,SELL,510880.SH,601006.SH,28100,6.2453436851501465,175494.15755271912,0.0,0.0
2025-03-11,BUY,159509.SZ,159509.SZ,1233400,1.378000020980835,1699625.2258777618,0.0,0.0
2025-05-21,SELL,159509.SZ,159509.SZ,1233400,1.5019999742507935,1852566.7682409286,0.0,0.0
2025-09-19,BUY,510880.SH,601398.SH,26500,6.989324569702148,185217.10109710693,0.0,0.0
2025-09-19,BUY,510880.SH,601288.SH,28400,6.517678737640381,185102.07614898682,0.0,0.0
2025-09-19,BUY,510880.SH,601166.SH,9500,19.339946746826172,183729.49409484863,0.0,0.0
2025-09-19,BUY,510880.SH,601988.SH,36300,5.091680526733398,184828.00312042236,0.0,0.0
2025-09-19,BUY,510880.SH,601919.SH,13300,13.888707160949707,184719.8052406311,0.0,0.0
2025-09-19,BUY,510880.SH,601939.SH,21700,8.523138046264648,184952.09560394287,0.0,0.0
2025-09-19,BUY,510880.SH,601169.SH,34500,5.35933256149292,184896.97337150574,0.0,0.0
2025-09-19,BUY,510880.SH,600919.SH,18900,9.777549743652344,184795.6901550293,0.0,0.0
2025-09-19,BUY,510880.SH,601328.SH,27900,6.625696659088135,184856.93678855896,0.0,0.0
2025-09-19,BUY,510880.SH,601088.SH,5000,37.04893112182617,185244.65560913086,0.0,0.0
2025-11-11,SELL,510880.SH,601398.SH,26500,7.747780799865723,205316.19119644165,0.0,0.0
2025-11-11,SELL,510880.SH,601288.SH,28400,7.830870151519775,222396.71230316162,0.0,0.0
2025-11-11,SELL,510880.SH,601166.SH,9500,19.93545913696289,189386.86180114746,0.0,0.0
2025-11-11,SELL,510880.SH,601988.SH,36300,5.408709526062012,196336.15579605103,0.0,0.0
2025-11-11,SELL,510880.SH,601919.SH,13300,14.764551162719727,196368.53046417236,0.0,0.0
2025-11-11,SELL,510880.SH,601939.SH,21700,9.070230484008789,196824.00150299072,0.0,0.0
2025-11-11,SELL,510880.SH,601169.SH,34500,5.387688636779785,185875.2579689026,0.0,0.0
2025-11-11,SELL,510880.SH,600919.SH,18900,10.470520973205566,197892.8463935852,0.0,0.0
2025-11-11,SELL,510880.SH,601328.SH,27900,6.987965106964111,194964.2264842987,0.0,0.0
2025-11-11,SELL,510880.SH,601088.SH,5000,41.32270050048828,206613.5025024414,0.0,0.0
2025-11-21,BUY,159509.SZ,159509.SZ,936300,2.131999969482422,1996191.5714263916,0.0,0.0
2025-12-09,SELL,159509.SZ,159509.SZ,936300,2.2799999713897705,2134763.973212242,0.0,0.0
2025-12-09,BUY,510880.SH,601988.SH,37800,5.639276027679443,213164.63384628296,0.0,0.0
2025-12-09,BUY,510880.SH,601398.SH,27200,7.824586868286133,212828.7628173828,0.0,0.0
2025-12-09,BUY,510880.SH,601166.SH,10700,19.803125381469727,211893.44158172607,0.0,0.0
2025-12-09,BUY,510880.SH,601288.SH,27400,7.782591819763184,213243.01586151123,0.0,0.0
2025-12-09,BUY,510880.SH,600755.SH,30100,7.088128566741943,213352.6698589325,0.0,0.0
2025-12-09,BUY,510880.SH,600919.SH,21200,10.052840232849121,213120.21293640137,0.0,0.0
2025-12-09,BUY,510880.SH,601088.SH,5300,40.12282180786133,212650.95558166504,0.0,0.0
2025-12-09,BUY,510880.SH,601328.SH,29800,7.140499114990234,212786.87362670898,0.0,0.0
2025-12-09,BUY,510880.SH,601818.SH,63000,3.3877434730529785,213427.83880233765,0.0,0.0
2025-12-09,BUY,510880.SH,600019.SH,31400,6.779323101043701,212870.74537277222,0.0,0.0
2026-03-03,SELL,510880.SH,601988.SH,37800,5.171330451965332,195476.29108428955,0.0,0.0
2026-03-03,SELL,510880.SH,601398.SH,27200,6.752843856811523,183677.35290527344,0.0,0.0
2026-03-03,SELL,510880.SH,601166.SH,10700,17.76433563232422,190078.39126586914,0.0,0.0
2026-03-03,SELL,510880.SH,601288.SH,27400,6.297024250030518,172538.46445083618,0.0,0.0
2026-03-03,SELL,510880.SH,600755.SH,30100,6.596591949462891,198557.417678833,0.0,0.0
2026-03-03,SELL,510880.SH,600919.SH,21200,10.121257781982422,214570.66497802734,0.0,0.0
2026-03-03,SELL,510880.SH,601088.SH,5300,42.8737678527832,227230.96961975098,0.0,0.0
2026-03-03,SELL,510880.SH,601328.SH,29800,6.40271520614624,190800.91314315796,0.0,0.0
2026-03-03,SELL,510880.SH,601818.SH,63000,3.1490488052368164,198390.07472991943,0.0,0.0
2026-03-03,SELL,510880.SH,600019.SH,31400,6.788792133331299,213168.07298660278,0.0,0.0
2026-03-24,BUY,512480.SH,688525.SH,800,231.17893981933594,184943.15185546875,0.0,0.0
2026-03-24,BUY,512480.SH,688256.SH,200,695.9496459960938,139189.92919921875,0.0,0.0
2026-03-24,BUY,512480.SH,603986.SH,700,277.59698486328125,194317.88940429688,0.0,0.0
2026-03-24,BUY,512480.SH,688008.SH,1400,139.7288360595703,195620.37048339844,0.0,0.0
2026-03-24,BUY,512480.SH,688981.SH,2000,99.37000274658203,198740.00549316406,0.0,0.0
2026-03-24,BUY,512480.SH,001309.SZ,500,351.42950439453125,175714.75219726562,0.0,0.0
2026-03-24,BUY,512480.SH,688041.SH,900,213.87344360351562,192486.09924316406,0.0,0.0
2026-03-24,BUY,512480.SH,300782.SZ,2200,89.23999786376953,196327.99530029297,0.0,0.0
2026-03-24,BUY,512480.SH,002371.SZ,400,453.0430908203125,181217.236328125,0.0,0.0
2026-03-24,BUY,512480.SH,688521.SH,900,206.3699951171875,185732.99560546875,0.0,0.0
2026-05-18,SELL,512480.SH,688525.SH,800,307.2012939453125,245761.03515625,0.0,0.0
2026-05-18,SELL,512480.SH,688256.SH,200,1183.0400390625,236608.0078125,0.0,0.0
2026-05-18,SELL,512480.SH,603986.SH,700,395.76544189453125,277035.8093261719,0.0,0.0
2026-05-18,SELL,512480.SH,688008.SH,1400,243.07826232910156,340309.5672607422,0.0,0.0
2026-05-18,SELL,512480.SH,688981.SH,2000,115.5999984741211,231199.9969482422,0.0,0.0
2026-05-18,SELL,512480.SH,001309.SZ,500,702.5800170898438,351290.0085449219,0.0,0.0
2026-05-18,SELL,512480.SH,688041.SH,900,299.8505859375,269865.52734375,0.0,0.0
2026-05-18,SELL,512480.SH,300782.SZ,2200,128.0800018310547,281776.0040283203,0.0,0.0
2026-05-18,SELL,512480.SH,002371.SZ,400,592.2280883789062,236891.2353515625,0.0,0.0
2026-05-18,SELL,512480.SH,688521.SH,900,248.0,223200.0,0.0,0.0
2026-06-22,BUY,510880.SH,601398.SH,39100,7.249999523162842,283474.9813556671,0.0,0.0
2026-06-22,BUY,510880.SH,601168.SH,8400,33.45000076293945,280980.0064086914,0.0,0.0
2026-06-22,BUY,510880.SH,601088.SH,6900,40.756900787353516,281222.61543273926,0.0,0.0
2026-06-22,BUY,510880.SH,601288.SH,44100,6.429999828338623,283562.9924297333,0.0,0.0
2026-06-22,BUY,510880.SH,601988.SH,48400,5.856923580169678,283475.1012802124,0.0,0.0
2026-06-22,BUY,510880.SH,601166.SH,15900,17.81999969482422,283337.9951477051,0.0,0.0
2026-06-22,BUY,510880.SH,601919.SH,20600,13.757658004760742,283407.7548980713,0.0,0.0
2026-06-22,BUY,510880.SH,601328.SH,43000,6.597622394561768,283697.762966156,0.0,0.0
2026-06-22,BUY,510880.SH,600938.SH,9200,30.63206672668457,281815.01388549805,0.0,0.0
2026-06-22,BUY,510880.SH,600919.SH,25600,11.071657180786133,283434.423828125,0.0,0.0
2026-07-30,SELL,510880.SH,601398.SH,39100,7.910000324249268,309281.01267814636,0.0,0.0
2026-07-30,SELL,510880.SH,601168.SH,8400,36.4900016784668,306516.0140991211,0.0,0.0
2026-07-30,SELL,510880.SH,601088.SH,6900,44.869998931884766,309602.9926300049,0.0,0.0
2026-07-30,SELL,510880.SH,601288.SH,44100,6.900000095367432,304290.00420570374,0.0,0.0
2026-07-30,SELL,510880.SH,601988.SH,48400,5.980000019073486,289432.00092315674,0.0,0.0
2026-07-30,SELL,510880.SH,601166.SH,15900,18.540000915527344,294786.01455688477,0.0,0.0
2026-07-30,SELL,510880.SH,601919.SH,20600,15.460000038146973,318476.00078582764,0.0,0.0
2026-07-30,SELL,510880.SH,601328.SH,43000,7.070000171661377,304010.0073814392,0.0,0.0
2026-07-30,SELL,510880.SH,600938.SH,9200,31.889999389648438,293387.9943847656,0.0,0.0
2026-07-30,SELL,510880.SH,600919.SH,25600,11.59000015258789,296704.00390625,0.0,0.0
2026-07-30,BUY,159509.SZ,159509.SZ,1209200,2.51200008392334,3037510.5014801025,0.0,0.0
