trade_index,etf_symbol,index_code,signal_date,execution_date,snapshot_date,rank,stock_symbol,signal_amount_thousand_yuan,signal_limit_status
0,510880.SH,000015.SH,2023-06-26,2023-06-27,2023-05-31,1,601398.SH,1430494.625,4
0,510880.SH,000015.SH,2023-06-26,2023-06-27,2023-05-31,2,601288.SH,1405460.75,4
0,510880.SH,000015.SH,2023-06-26,2023-06-27,2023-05-31,3,601988.SH,960372.0625,4
0,510880.SH,000015.SH,2023-06-26,2023-06-27,2023-05-31,4,600028.SH,836279.1875,4
0,510880.SH,000015.SH,2023-06-26,2023-06-27,2023-05-31,5,600048.SH,671666.625,4
0,510880.SH,000015.SH,2023-06-26,2023-06-27,2023-05-31,6,601088.SH,623423.3125,4
0,510880.SH,000015.SH,2023-06-26,2023-06-27,2023-05-31,7,601225.SH,586987.9375,4
0,510880.SH,000015.SH,2023-06-26,2023-06-27,2023-05-31,8,601328.SH,578964.0,4
0,510880.SH,000015.SH,2023-06-26,2023-06-27,2023-05-31,9,601939.SH,548197.375,4
0,510880.SH,000015.SH,2023-06-26,2023-06-27,2023-05-31,10,601928.SH,449621.21875,4
2,510880.SH,000015.SH,2023-12-21,2023-12-22,2023-11-30,1,601398.SH,1174701.875,0
2,510880.SH,000015.SH,2023-12-21,2023-12-22,2023-11-30,2,601288.SH,1163852.125,4
2,510880.SH,000015.SH,2023-12-21,2023-12-22,2023-11-30,3,600048.SH,824684.5,1
2,510880.SH,000015.SH,2023-12-21,2023-12-22,2023-11-30,4,601088.SH,820883.875,4
2,510880.SH,000015.SH,2023-12-21,2023-12-22,2023-11-30,5,601225.SH,680301.8125,1
2,510880.SH,000015.SH,2023-12-21,2023-12-22,2023-11-30,6,601988.SH,667407.125,4
2,510880.SH,000015.SH,2023-12-21,2023-12-22,2023-11-30,7,600028.SH,651819.9375,4
2,510880.SH,000015.SH,2023-12-21,2023-12-22,2023-11-30,8,601169.SH,560350.8125,4
2,510880.SH,000015.SH,2023-12-21,2023-12-22,2023-11-30,9,601328.SH,541948.875,4
2,510880.SH,000015.SH,2023-12-21,2023-12-22,2023-11-30,10,601939.SH,432934.71875,4
4,510880.SH,000015.SH,2024-01-22,2024-01-23,2023-12-29,1,601398.SH,2173336.0,0
4,510880.SH,000015.SH,2024-01-22,2024-01-23,2023-12-29,2,601288.SH,2010661.375,0
4,510880.SH,000015.SH,2024-01-22,2024-01-23,2023-12-29,3,601328.SH,1273837.125,0
4,510880.SH,000015.SH,2024-01-22,2024-01-23,2023-12-29,4,601088.SH,1262454.125,4
4,510880.SH,000015.SH,2024-01-22,2024-01-23,2023-12-29,5,601988.SH,1159945.25,1
4,510880.SH,000015.SH,2024-01-22,2024-01-23,2023-12-29,6,600028.SH,972393.5,4
4,510880.SH,000015.SH,2024-01-22,2024-01-23,2023-12-29,7,601225.SH,904389.75,4
4,510880.SH,000015.SH,2024-01-22,2024-01-23,2023-12-29,8,601939.SH,728559.75,1
4,510880.SH,000015.SH,2024-01-22,2024-01-23,2023-12-29,9,601818.SH,613626.9375,4
4,510880.SH,000015.SH,2024-01-22,2024-01-23,2023-12-29,10,601006.SH,587266.625,4
6,516510.SH,930851.CSI,2024-02-02,2024-02-05,2024-01-31,1,300308.SZ,3103259.25,4
6,516510.SH,930851.CSI,2024-02-02,2024-02-05,2024-01-31,2,002230.SZ,2854131.25,4
6,516510.SH,930851.CSI,2024-02-02,2024-02-05,2024-01-31,3,300502.SZ,2238736.0,1
6,516510.SH,930851.CSI,2024-02-02,2024-02-05,2024-01-31,4,000977.SZ,1747561.125,4
6,516510.SH,930851.CSI,2024-02-02,2024-02-05,2024-01-31,5,603019.SH,1421261.625,4
6,516510.SH,930851.CSI,2024-02-02,2024-02-05,2024-01-31,6,300002.SZ,1275502.875,1
6,516510.SH,930851.CSI,2024-02-02,2024-02-05,2024-01-31,7,688111.SH,1011683.625,4
6,516510.SH,930851.CSI,2024-02-02,2024-02-05,2024-01-31,8,600570.SH,904256.5,4
6,516510.SH,930851.CSI,2024-02-02,2024-02-05,2024-01-31,9,300017.SZ,859496.0625,1
6,516510.SH,930851.CSI,2024-02-02,2024-02-05,2024-01-31,10,300339.SZ,783032.5625,4
12,510880.SH,000015.SH,2024-09-12,2024-09-13,2024-08-30,1,601288.SH,1629378.375,1
12,510880.SH,000015.SH,2024-09-12,2024-09-13,2024-08-30,2,601398.SH,1582711.0,0
12,510880.SH,000015.SH,2024-09-12,2024-09-13,2024-08-30,3,601328.SH,933551.25,1
12,510880.SH,000015.SH,2024-09-12,2024-09-13,2024-08-30,4,601088.SH,903595.75,1
12,510880.SH,000015.SH,2024-09-12,2024-09-13,2024-08-30,5,601939.SH,788535.875,4
12,510880.SH,000015.SH,2024-09-12,2024-09-13,2024-08-30,6,601988.SH,626996.3125,0
12,510880.SH,000015.SH,2024-09-12,2024-09-13,2024-08-30,7,600028.SH,618130.4375,1
12,510880.SH,000015.SH,2024-09-12,2024-09-13,2024-08-30,8,601077.SH,445037.65625,4
12,510880.SH,000015.SH,2024-09-12,2024-09-13,2024-08-30,9,600188.SH,428925.9375,1
12,510880.SH,000015.SH,2024-09-12,2024-09-13,2024-08-30,10,601006.SH,378804.09375,1
16,510880.SH,000015.SH,2025-09-18,2025-09-19,2025-08-29,1,601398.SH,3898308.5,4
16,510880.SH,000015.SH,2025-09-18,2025-09-19,2025-08-29,2,601288.SH,3850360.5,4
16,510880.SH,000015.SH,2025-09-18,2025-09-19,2025-08-29,3,601166.SH,2706633.25,4
16,510880.SH,000015.SH,2025-09-18,2025-09-19,2025-08-29,4,601988.SH,1805614.5,4
16,510880.SH,000015.SH,2025-09-18,2025-09-19,2025-08-29,5,601919.SH,1628038.375,4
16,510880.SH,000015.SH,2025-09-18,2025-09-19,2025-08-29,6,601939.SH,1608806.5,4
16,510880.SH,000015.SH,2025-09-18,2025-09-19,2025-08-29,7,601169.SH,1567934.375,4
16,510880.SH,000015.SH,2025-09-18,2025-09-19,2025-08-29,8,600919.SH,1511937.25,4
16,510880.SH,000015.SH,2025-09-18,2025-09-19,2025-08-29,9,601328.SH,1481036.25,4
16,510880.SH,000015.SH,2025-09-18,2025-09-19,2025-08-29,10,601088.SH,1329974.25,4
20,510880.SH,000015.SH,2025-12-08,2025-12-09,2025-11-28,1,601988.SH,1784673.0,1
20,510880.SH,000015.SH,2025-12-08,2025-12-09,2025-11-28,2,601398.SH,1705238.125,0
20,510880.SH,000015.SH,2025-12-08,2025-12-09,2025-11-28,3,601166.SH,1551897.0,1
20,510880.SH,000015.SH,2025-12-08,2025-12-09,2025-11-28,4,601288.SH,1474630.75,1
20,510880.SH,000015.SH,2025-12-08,2025-12-09,2025-11-28,5,600755.SH,1306372.875,1
20,510880.SH,000015.SH,2025-12-08,2025-12-09,2025-11-28,6,600919.SH,1229409.75,4
20,510880.SH,000015.SH,2025-12-08,2025-12-09,2025-11-28,7,601088.SH,970491.4375,4
20,510880.SH,000015.SH,2025-12-08,2025-12-09,2025-11-28,8,601328.SH,902795.0,1
20,510880.SH,000015.SH,2025-12-08,2025-12-09,2025-11-28,9,601818.SH,857731.8125,1
20,510880.SH,000015.SH,2025-12-08,2025-12-09,2025-11-28,10,600019.SH,841647.125,4
22,512480.SH,H30184.CSI,2026-03-23,2026-03-24,2026-02-27,1,688525.SH,8248826.0,4
22,512480.SH,H30184.CSI,2026-03-23,2026-03-24,2026-02-27,2,688256.SH,8094830.0,4
22,512480.SH,H30184.CSI,2026-03-23,2026-03-24,2026-02-27,3,603986.SH,7806213.5,4
22,512480.SH,H30184.CSI,2026-03-23,2026-03-24,2026-02-27,4,688008.SH,5332638.0,4
22,512480.SH,H30184.CSI,2026-03-23,2026-03-24,2026-02-27,5,688981.SH,5040929.0,4
22,512480.SH,H30184.CSI,2026-03-23,2026-03-24,2026-02-27,6,001309.SZ,4670664.0,4
22,512480.SH,H30184.CSI,2026-03-23,2026-03-24,2026-02-27,7,688041.SH,4434647.5,4
22,512480.SH,H30184.CSI,2026-03-23,2026-03-24,2026-02-27,8,300782.SZ,3925190.25,4
22,512480.SH,H30184.CSI,2026-03-23,2026-03-24,2026-02-27,9,002371.SZ,3490316.25,4
22,512480.SH,H30184.CSI,2026-03-23,2026-03-24,2026-02-27,10,688521.SH,3220445.0,4
24,510880.SH,000015.SH,2026-06-18,2026-06-22,2026-05-29,1,601398.SH,3248842.5,4
24,510880.SH,000015.SH,2026-06-18,2026-06-22,2026-05-29,2,601168.SH,2805388.75,1
24,510880.SH,000015.SH,2026-06-18,2026-06-22,2026-05-29,3,601088.SH,2268592.5,4
24,510880.SH,000015.SH,2026-06-18,2026-06-22,2026-05-29,4,601288.SH,2175134.5,4
24,510880.SH,000015.SH,2026-06-18,2026-06-22,2026-05-29,5,601988.SH,2125912.75,4
24,510880.SH,000015.SH,2026-06-18,2026-06-22,2026-05-29,6,601166.SH,2096405.875,4
24,510880.SH,000015.SH,2026-06-18,2026-06-22,2026-05-29,7,601919.SH,1749247.5,4
24,510880.SH,000015.SH,2026-06-18,2026-06-22,2026-05-29,8,601328.SH,1667445.125,4
24,510880.SH,000015.SH,2026-06-18,2026-06-22,2026-05-29,9,600938.SH,1388367.75,4
24,510880.SH,000015.SH,2026-06-18,2026-06-22,2026-05-29,10,600919.SH,1262747.25,4
