index_code,index_name,signal_mode,start_date,end_date,bottom_signals,top_signals,candidate_stocks,stocks_with_buys,stocks_with_completed_trades,completed_trades,portfolio_return,portfolio_cagr,portfolio_max_drawdown,buy_hold_return,buy_hold_cagr,buy_hold_max_drawdown,median_stock_return,positive_stock_pct,median_excess_return,median_stock_max_drawdown,median_exposure_pct,trade_win_rate_pct,median_trade_return
000015.SH,上证红利,ma5,2023-01-03,2026-08-28,4,9,70,70,46,55,0.16941046761696166,0.043814581941546527,-0.07859757579295912,0.238974159405696,0.06047299738457923,-0.13112685353248943,0.150444851651789,78.57142857142857,-0.017324189680938407,-0.1968685501628562,30.191873589164786,76.36363636363637,0.06273635396523525
000015.SH,上证红利,volume,2023-01-03,2026-08-28,5,8,70,70,42,42,0.1641096547929457,0.04251598371394416,-0.0924624240492774,0.23478629679591778,0.05948961269420994,-0.13618402119452,0.14845139692838882,75.71428571428571,-0.016898884584543028,-0.200808535105641,30.58690744920993,78.57142857142857,0.07299817440888479
000015.SH,上证红利,any,2023-01-03,2026-08-28,9,17,70,70,46,54,0.17108333439581136,0.044223515190681795,-0.07978867657675925,0.23478629679591778,0.05948961269420994,-0.13618402119452,0.150444851651789,77.14285714285715,-0.003993496445483635,-0.19781625680967685,30.474040632054177,74.07407407407408,0.06775280279046525
000300.SH,沪深300,ma5,2023-01-03,2026-08-28,6,17,364,364,292,416,0.3976448756180089,0.09607331819285103,-0.07912505827550753,0.46223249035254854,0.10972531191862123,-0.14130919108922102,0.13392684843838065,70.32967032967034,0.017396775933595843,-0.29583557011695816,42.21218961625282,72.11538461538461,0.10954711769389724
000300.SH,沪深300,volume,2023-01-03,2026-08-28,2,9,336,336,0,0,0.2907952147665809,0.07244635702696,-0.10741415069328142,0.30607649730410214,0.07591037725323435,-0.1112727526945263,0.04250395953247532,56.547619047619044,-0.014897170580424945,-0.34488680960538537,37.92325056433409,,
000300.SH,沪深300,any,2023-01-03,2026-08-28,8,26,364,364,291,415,0.39639664477528824,0.0958050071187424,-0.07886755204533102,0.4661096930852735,0.11053080176640862,-0.1429176661670295,0.12987920993561752,69.5054945054945,0.01827576318027002,-0.29645449894150944,42.2686230248307,71.32530120481928,0.1084044487020619
000510.SH,中证A500,ma5,2023-01-03,2026-08-28,4,1,536,536,73,73,-0.01505329353861129,-0.004147428555616339,-0.1274913451850458,0.0032356552084484846,0.0008855495520547763,-0.14172682669606584,-0.05181896546228143,38.24626865671642,-0.022378436245300004,-0.2812551131468549,11.060948081264108,52.054794520547944,0.010014557434491644
000510.SH,中证A500,volume,2023-01-03,2026-08-28,1,1,500,499,0,0,0.019315470833393578,0.005255853431895607,-0.042465907610027775,0.015305863706369438,0.00417080035962436,-0.04096037424310639,0.009422187378298252,54.2,-0.014573639781784997,-0.09708907321170279,2.8216704288939054,,
000510.SH,中证A500,any,2023-01-03,2026-08-28,5,2,536,536,78,78,-0.013202043723837598,-0.003634907946380661,-0.12600552530578346,0.0032356552084484846,0.0008855495520547763,-0.14172682669606584,-0.049912863689847764,38.24626865671642,-0.022142504531584672,-0.279156111938593,11.060948081264108,48.717948717948715,-0.007027499877361398
000680.SH,科创综指,ma5,2023-01-03,2026-08-28,3,7,588,588,111,111,0.1068941228677176,0.02821830465734343,-0.24887176010120937,0.07131873818425039,0.01905565576481938,-0.3011637586024356,-0.012058029338337273,48.80952380952381,0.001058883732433069,-0.37557832218461346,11.738148984198645,72.97297297297297,0.08446566539429723
000680.SH,科创综指,volume,2023-01-03,2026-08-28,2,3,578,578,0,0,0.08295881799833937,0.022077622288373844,-0.06741061402558302,-0.012006295412939183,-0.0033042346112289733,-0.14081600004081662,0.06919580813047521,75.4325259515571,0.09354323323102837,-0.11138965701976877,2.594564831651002,,
000680.SH,科创综指,any,2023-01-03,2026-08-28,5,10,588,588,116,116,0.11016815978521244,0.029050752706216487,-0.2456646931916241,0.0700276375497575,0.018718997367469736,-0.3020334272963474,-0.0059269440755514435,49.31972789115646,0.001292624773807094,-0.37218366519676105,11.738148984198645,71.55172413793103,0.07962065445886302
000688.SH,科创50,ma5,2023-01-03,2026-08-28,5,12,65,65,55,63,0.0030691754374210234,0.0008400372117900456,-0.24063666375908033,0.5321673013579049,0.12402250857296737,-0.2698726872435906,-0.11232844347554216,38.46153846153847,-0.08215315625732456,-0.4642545912931948,36.90744920993228,30.158730158730158,-0.17572133011327584
000688.SH,科创50,volume,2023-01-03,2026-08-28,3,3,70,70,47,50,0.5456660274564078,0.12672732356027638,-0.2051733836420483,0.7293065077510326,0.16192567653596313,-0.26938559359138525,0.11244685541296007,61.42857142857143,-0.040562650736301276,-0.40393528536202084,43.735891647855524,66.0,0.21078008831501427
000688.SH,科创50,any,2023-01-03,2026-08-28,8,15,72,72,55,59,-0.00044365529655210345,-0.00012158379622595472,-0.21731810303511578,0.47266085098646027,0.11188829942987577,-0.26439018467722486,-0.09479918212975869,40.27777777777778,-0.07572370156298275,-0.4497794549863945,35.66591422121896,28.8135593220339,-0.18743261995787242
000698.SH,科创100,ma5,2023-01-03,2026-08-28,5,14,168,168,110,144,0.552344676997657,0.12805922434029537,-0.21792008166291732,1.131350751470738,0.2304201146373055,-0.307556210707588,0.08742579313041643,58.92857142857143,-0.11801067769279538,-0.4119479277126785,30.981941309255077,59.02777777777778,0.0393243303210602
000698.SH,科创100,volume,2023-01-03,2026-08-28,1,8,100,100,57,57,0.7572831474518005,0.1670463570735785,-0.2034603624892315,0.9947292485561079,0.20828672374661017,-0.3073669925765433,0.1708008733406432,72.0,-0.03712924072386653,-0.32650087229317953,30.333961140578047,73.68421052631578,0.12824556888195948
000698.SH,科创100,any,2023-01-03,2026-08-28,6,22,168,168,110,144,0.5488192396782599,0.1273566776991406,-0.21798193454343007,1.1660109054516314,0.23587068124154942,-0.30780299026595237,0.08742579313041643,58.92857142857143,-0.15172623833135745,-0.41333603821611137,31.20767494356659,58.333333333333336,0.035821896196035596
000699.SH,科创200,ma5,2023-01-03,2026-08-28,4,4,236,236,47,47,0.06949658471772624,0.018580438134712107,-0.28216652203679793,0.09102148158543155,0.024157033051893873,-0.31305669992780727,-0.008609420971944781,48.30508474576271,-0.023879225722018838,-0.38425571396029423,11.350459197872537,68.08510638297872,0.0769281740596699
000699.SH,科创200,volume,2023-01-03,2026-08-28,2,0,236,236,0,0,0.06407352185384974,0.017162616421813937,-0.29692569815193925,0.06895558513012845,0.018439232281396656,-0.31335127350927316,-0.008672041421440124,47.88135593220339,-0.0025663133135834792,-0.41417221724406705,11.738148984198645,,
000699.SH,科创200,any,2023-01-03,2026-08-28,6,4,236,236,47,47,0.07089098688147932,0.01894415096217461,-0.2822303733106838,0.0615584339256221,0.016503283181305672,-0.3203140355548313,-0.00856294410612779,48.30508474576271,0.0037344711221941607,-0.38425571396029423,11.399548532731377,68.08510638297872,0.0769281740596699
000813.CSI,细分化工,ma5,2023-01-03,2026-08-28,10,25,68,68,59,82,0.26270862006429496,0.06600114156403225,-0.2636599273304151,0.26043836515614793,0.06547564139220219,-0.2762358520587246,0.08799015552945566,60.29411764705882,0.02265365320486895,-0.40725962739101845,57.562076749435676,57.3170731707317,0.029878247201331365
000813.CSI,细分化工,volume,2023-01-03,2026-08-28,4,18,63,63,58,80,0.27104819296217286,0.06792565045435106,-0.2462195113988065,0.31531570058558245,0.07799050483540615,-0.26840074968449523,0.15123787090290808,65.07936507936508,0.025462608475429915,-0.4097286623476981,55.10204081632652,57.49999999999999,0.03070750644901543
000813.CSI,细分化工,any,2023-01-03,2026-08-28,13,43,68,68,59,82,0.259516836910183,0.06526213743426212,-0.2636599273304151,0.25532744873898694,0.06429008823991378,-0.27949407347108135,0.08799015552945566,58.82352941176471,0.020807315622174527,-0.4096034702057872,57.95711060948082,54.87804878048781,0.02480389126432736
000819.SH,有色金属,ma5,2023-01-03,2026-08-28,10,24,73,73,56,83,0.5331978167542588,0.12422960727391752,-0.2706415778234791,0.8594662597814104,0.1852610465501856,-0.3174726592950058,0.1648088636171674,61.64383561643836,-0.08446083158736639,-0.41379856756776645,51.128668171557564,63.85542168674698,0.09664588828653087
000819.SH,有色金属,volume,2023-01-03,2026-08-28,4,13,64,64,59,85,0.6740646554563381,0.15163520665402164,-0.2348742975541841,1.039815869470746,0.21570942247282998,-0.3196659500726231,0.42932219598047106,73.4375,-0.19321675801907756,-0.3951038064636118,50.45146726862302,69.41176470588235,0.15070242693409996
000819.SH,有色金属,any,2023-01-03,2026-08-28,13,37,73,73,56,83,0.5388040766369926,0.1253545087973431,-0.27068747391399095,0.8602376908252067,0.1853957620305211,-0.3170097222919276,0.1648088636171674,61.64383561643836,-0.08089643678034553,-0.41379856756776645,51.24153498871332,65.06024096385542,0.09664588828653087
000905.SH,中证500,ma5,2023-01-03,2026-08-28,12,15,814,813,626,895,0.1595374884503611,0.04139243717440366,-0.18630654517010115,0.3027409360199813,0.07515677966509449,-0.19263379985362528,-0.010057145561795156,48.03439803439804,-0.010093833515643136,-0.40358978885891583,46.72315965802886,54.97206703910614,0.02648339215037443
000905.SH,中证500,volume,2023-01-03,2026-08-28,7,11,807,806,617,833,0.17622477217134858,0.04547769382210709,-0.18300185929878743,0.31485447199447414,0.07788691514961132,-0.18677091983608374,0.013931375265055612,52.78810408921933,0.011062471647631522,-0.35506050047478743,41.08352144469526,53.54141656662665,0.02151604342215152
000905.SH,中证500,any,2023-01-03,2026-08-28,19,26,814,813,621,879,0.15769040495542153,0.04093762978708759,-0.18630654517010115,0.3032466220561627,0.07527111845440526,-0.19263379985362528,-0.011024350955917472,47.78869778869779,-0.011828941441901386,-0.40727208985607827,46.72686230248307,53.811149032992034,0.021516043422151743
000932.SH,主要消费,ma5,2023-01-03,2026-08-28,10,10,56,55,37,50,-0.1925132326115424,-0.05690694620446868,-0.29859810348107974,-0.18446737993136675,-0.05434136006138901,-0.3191036328824335,-0.30855440073198187,23.214285714285715,0.00022824191809178718,-0.47103593112031794,65.9706546275395,36.0,-0.15367972582539158
000932.SH,主要消费,volume,2023-01-03,2026-08-28,3,7,46,46,8,8,0.043624244103612764,0.011768632479716823,-0.27400791621174636,0.09872459884672313,0.026133319313681014,-0.2785104608513107,-0.04481844249000527,43.47826086956522,-0.03381271277022513,-0.42598370326488677,52.708803611738155,100.0,0.14120778336686846
000932.SH,主要消费,any,2023-01-03,2026-08-28,13,16,56,55,37,50,-0.18590601599710255,-0.05479874553512132,-0.2936019833990553,-0.18503301178648468,-0.05452112142887744,-0.3196057540609405,-0.30510244192518204,23.214285714285715,0.005105832282166267,-0.47103593112031794,65.9706546275395,36.0,-0.15367972582539158
000933.SH,医药卫生,ma5,2023-01-03,2026-08-28,7,12,103,103,78,91,-0.14900098420700825,-0.04324632007696172,-0.2354273170018909,-0.055380187082731513,-0.015489656439595656,-0.24604216030988135,-0.21954936369198874,21.35922330097087,-0.012508774510984644,-0.40398818632161926,39.954853273137694,27.472527472527474,-0.09824499670743991
000933.SH,医药卫生,volume,2023-01-03,2026-08-28,3,9,103,103,78,91,-0.09799522385877868,-0.02786416473422615,-0.20053568852432124,-0.04483929182997204,-0.012491534327314646,-0.23645603817908034,-0.127434714427756,28.155339805825243,0.003996984896299072,-0.376643928869403,32.95711060948081,32.967032967032964,-0.08244160920791765
000933.SH,医药卫生,any,2023-01-03,2026-08-28,10,21,103,103,78,92,-0.14893993494035063,-0.04322751390941115,-0.23539275000694915,-0.06251703230193406,-0.017533389704258773,-0.24882560156008426,-0.21954936369198874,21.35922330097087,-0.012508774510984644,-0.4022931673303698,39.729119638826184,26.08695652173913,-0.09598872934700337
000949.CSI,中证农业,ma5,2023-01-03,2026-08-28,10,18,72,72,52,60,-0.09593278388849924,-0.027255610386876072,-0.2192149451212334,-0.007298670000525864,-0.002005200214536984,-0.26977432145036295,-0.1253251009019959,30.555555555555557,-0.02305909360587738,-0.4088815787327465,41.71820402609852,30.0,-0.13813057548535984
000949.CSI,中证农业,volume,2023-01-03,2026-08-28,4,16,59,59,51,59,-0.018037497172390893,-0.004975083017016657,-0.2425269834750221,0.03431003595114368,0.009286328172471325,-0.29355105859996433,-0.07903394979323419,38.983050847457626,0.016126433636632354,-0.3605116205848068,37.3589164785553,37.28813559322034,-0.0942330442287278
000949.CSI,中证农业,any,2023-01-03,2026-08-28,14,34,72,72,52,61,-0.09514062710537785,-0.027022140351621537,-0.21796387679812235,-0.007569722683688829,-0.002079873714989633,-0.2698237219017324,-0.1253251009019959,30.555555555555557,-0.02305909360587738,-0.4088815787327465,41.71820402609852,29.508196721311474,-0.13820366136563034
000985.SH,中证全指,ma5,2023-01-03,2026-08-28,9,14,5429,5429,4611,7536,0.4051177535689081,0.09767600845683999,-0.19165021715519204,0.39492661318900435,0.09548879591380044,-0.24068083037169619,0.10766334535121902,61.15306686314238,0.026671504837362248,-0.4296833623926639,43.340857787810386,61.372080679405514,0.06579758347581244
000985.SH,中证全指,volume,2023-01-03,2026-08-28,4,7,5425,5424,3928,4669,0.5168869632760718,0.12093974448751466,-0.18287809092089446,0.44922504290536547,0.1070116325848991,-0.23355044636052613,0.13951003238527138,66.4331797235023,0.03220343619533628,-0.4407027646476285,47.29119638826185,54.50846005568645,0.025097125851296642
000985.SH,中证全指,any,2023-01-03,2026-08-28,13,21,5429,5429,4590,7479,0.40972519739894286,0.0986610744089973,-0.19083599808223228,0.3962110836131616,0.09576510530904181,-0.24053066150904268,0.110963516406972,61.37410204457543,0.028077946031191736,-0.42931645108282834,43.45372460496614,61.39858269822168,0.06694633326789345
000987.SH,全指原材料,ma5,2023-01-03,2026-08-28,11,22,220,217,167,249,0.2659422970491794,0.06674846382903077,-0.2226870743232282,0.4069827416595868,0.09807502275234148,-0.2632722551728548,0.05803880068520273,54.090909090909086,-0.010237649230921353,-0.41004950257474404,57.709750566893426,57.831325301204814,0.05325354189504261
000987.SH,全指原材料,volume,2023-01-03,2026-08-28,5,14,188,188,172,256,0.33304534588805756,0.081952657955773,-0.22996398072886082,0.4951206536649102,0.1165092831137775,-0.2686618083174034,0.11792286224766735,59.57446808510638,0.017067964189852014,-0.39873384606484036,56.4334085778781,58.203125,0.056579150710561965
000987.SH,全指原材料,any,2023-01-03,2026-08-28,16,35,220,217,167,248,0.25990825783067617,0.06535283750726784,-0.22258167189725286,0.39135091240910547,0.09471863346298681,-0.2642598750839047,0.04149823110835571,54.090909090909086,-0.01730220787517006,-0.41004950257474404,58.06997742663657,56.85483870967742,0.053972179518840924
000989.SH,全指可选消费,ma5,2023-01-03,2026-08-28,13,11,183,182,111,159,0.03706398739690209,0.010021960308776112,-0.2192805227443656,0.04813664907633264,0.012965441130359245,-0.2502511224841063,-0.06612270854831537,43.169398907103826,0.017273946666611972,-0.45767067069975054,56.77200902934537,65.40880503144653,0.0791670274961207
000989.SH,全指可选消费,volume,2023-01-03,2026-08-28,3,11,140,140,0,0,-0.0522366045524143,-0.014593003805769666,-0.2581746436295118,-0.045784853606973264,-0.01275949464628412,-0.26186984966143667,-0.12333251631143666,30.714285714285715,-0.010896421449532179,-0.41490855297106793,37.92325056433409,,
000989.SH,全指可选消费,any,2023-01-03,2026-08-28,16,22,183,182,110,156,0.039716082552122556,0.010729045418967686,-0.21842035709008223,0.04857241957083036,0.013080820745594579,-0.25028733806030257,-0.06612270854831537,43.169398907103826,0.009919344589850665,-0.45767067069975054,56.77200902934537,65.38461538461539,0.07663755602480826
000991.SH,全指医药,ma5,2023-01-03,2026-08-28,8,12,144,144,112,127,-0.181469686481319,-0.053390182237991524,-0.26580507022120514,-0.10216926860918796,-0.029098878078623214,-0.249092570461534,-0.22252552181549107,20.13888888888889,-0.012524309345683049,-0.42734401796009147,39.84198645598194,29.133858267716533,-0.12629817493827133
000991.SH,全指医药,volume,2023-01-03,2026-08-28,6,9,147,147,111,122,-0.13648000156695417,-0.03940957108822407,-0.22628640521205623,-0.09445740927216928,-0.026820896722598464,-0.24953150676402314,-0.18483411137682637,23.809523809523807,0.0,-0.4180228129233655,36.681715575620764,28.688524590163933,-0.11063706981696092
000991.SH,全指医药,any,2023-01-03,2026-08-28,14,21,147,145,113,127,-0.17825898448479938,-0.05237421690949218,-0.2605642639037401,-0.10901982243901909,-0.03113438599171825,-0.25379225279343265,-0.22241385030119454,19.727891156462583,-0.007414989841612263,-0.42171432522612984,39.729119638826184,29.133858267716533,-0.12629817493827133
000993.SH,全指信息,ma5,2023-01-03,2026-08-28,6,21,201,201,163,230,0.7798752768553856,0.17113846453225445,-0.14449901581826075,1.225764271495355,0.24512048153333654,-0.3239979602393248,0.2635824752207594,77.61194029850746,0.005847086709589,-0.3395872380788486,41.08352144469526,77.39130434782608,0.1588553186742916
000993.SH,全指信息,volume,2023-01-03,2026-08-28,2,10,184,184,158,216,1.0174415653106346,0.21204095097068065,-0.16154472864163483,1.6586226471331615,0.307249499884513,-0.3325083219158629,0.4662954336620092,80.43478260869566,-0.13625803591952002,-0.371031625286102,45.743658327921914,77.77777777777779,0.22625987923721214
000993.SH,全指信息,any,2023-01-03,2026-08-28,8,31,201,201,163,230,0.7777424542951301,0.1707537642776613,-0.14454450427616217,1.251475139968874,0.24904508876075604,-0.3238944726899692,0.2635824752207594,77.61194029850746,-0.029476609846280644,-0.3395872380788486,41.08352144469526,76.52173913043478,0.1588553186742916
000994.CSI,全指通信服务,ma5,2023-01-03,2026-08-28,9,19,92,90,76,103,0.942158315787067,0.19947643001852566,-0.20649407783750529,0.9472550953950551,0.20033811740137009,-0.2754626608783757,0.16670361045038995,64.13043478260869,0.0677463657491909,-0.3859993999225207,49.097065462753946,73.7864077669903,0.1830739804022683
000994.CSI,全指通信服务,volume,2023-01-03,2026-08-28,2,6,85,85,71,71,0.719643726347819,0.16014308668549804,-0.22001667334721997,1.2998618595041345,0.25634365437984696,-0.27295410393787933,0.19822212384010607,80.0,0.014765984523156028,-0.34557179122167525,31.15124153498871,78.87323943661971,0.21431800029268988
000994.CSI,全指通信服务,any,2023-01-03,2026-08-28,11,25,92,90,76,103,0.942158315787067,0.19947643001852566,-0.20649407783750529,0.9472550953950551,0.20033811740137009,-0.2754626608783757,0.16670361045038995,64.13043478260869,0.0677463657491909,-0.3859993999225207,49.097065462753946,73.7864077669903,0.1830739804022683
000995.CSI,全指公用,ma5,2023-01-03,2026-08-28,7,20,61,61,48,60,0.28702002951008376,0.07158600105320945,-0.12133940242908925,0.20832147751758923,0.053218543346284175,-0.21093273571732363,0.2371630889713443,75.40983606557377,0.0019117117956037877,-0.27292225130215475,61.8510158013544,70.0,0.0991194664373728
000995.CSI,全指公用,volume,2023-01-03,2026-08-28,3,13,56,56,50,65,0.2755855204260247,0.06896887362908322,-0.08564061517354948,0.23290081168202548,0.059046076614400755,-0.2232207969425286,0.2343300891200274,75.0,0.005511673186440802,-0.262451284673264,55.75620767494357,67.6923076923077,0.11774912998996401
000995.CSI,全指公用,any,2023-01-03,2026-08-28,9,31,61,61,49,61,0.28892623283769714,0.07202064903632355,-0.12163403024465758,0.22524359458219312,0.057239737594936946,-0.2111816986852244,0.2371630889713443,75.40983606557377,-0.002765536676392344,-0.27292225130215475,62.30248306997742,68.85245901639344,0.10227358943675502
399006.SZ,创业板指,ma5,2023-01-03,2026-08-28,7,14,149,149,105,105,-0.07123758972286864,-0.020046031555132404,-0.2646466599477919,0.3673659224252672,0.08951505970179863,-0.27343978607032215,-0.11436150830785097,32.88590604026846,-0.015778361834055676,-0.44366523837358907,28.555304740406324,21.904761904761905,-0.2430379081095223
399006.SZ,创业板指,volume,2023-01-03,2026-08-28,3,9,139,139,98,140,0.6440585914154102,0.1459419907197299,-0.13307566130981663,0.6935209098316053,0.1552872686490665,-0.2588462073133032,0.12752067783464582,62.589928057553955,0.032006455425570124,-0.34319151379918,34.31151241534989,64.28571428571429,0.09040307894323929
399006.SZ,创业板指,any,2023-01-03,2026-08-28,10,23,153,153,112,154,0.2509671424299589,0.0632758770516233,-0.25743648875264424,0.3594494487619335,0.0877830308056502,-0.2710687781931439,-0.056690820964331645,42.48366013071895,0.015252994193253322,-0.45605923066689136,46.95259593679458,39.61038961038961,-0.09244013476283047
399967.SZ,中证军工,ma5,2023-01-03,2026-08-28,14,18,113,113,94,135,0.08037324873502993,0.02140840842653491,-0.3060988684895579,0.16628503701778885,0.04304942926927291,-0.38406985105414193,-0.0670260700014369,39.823008849557525,-0.027474323496677888,-0.4963627054139055,59.480812641083524,55.55555555555556,0.019913816580697796
399967.SZ,中证军工,volume,2023-01-03,2026-08-28,5,12,111,111,93,133,0.23838203036857997,0.060334101570712395,-0.28736671489391497,0.12518971675422153,0.03284740844676781,-0.3912066343339333,0.05549085713682422,56.75675675675676,0.09022691784719639,-0.44510981149990314,47.74266365688488,53.383458646616546,0.021973459500890247
399967.SZ,中证军工,any,2023-01-03,2026-08-28,19,29,113,113,94,134,0.07703408371640763,0.020542421356621654,-0.3060988684895579,0.16595850155712988,0.04296940259754911,-0.3864175115282882,-0.0670260700014369,41.5929203539823,-0.027474323496677888,-0.497967400091082,59.480812641083524,54.47761194029851,0.02323827498586184
399971.SZ,中证传媒,ma5,2023-01-03,2026-08-28,5,13,60,60,48,48,-0.08903854482618057,-0.025228647332200094,-0.3431804960445226,0.12347230863217007,0.03241520844532464,-0.3859025680296603,-0.18454852397419957,28.333333333333332,-0.0659992587832487,-0.4758252939215474,44.495926137629695,43.75,-0.044903864640074176
399971.SZ,中证传媒,volume,2023-01-03,2026-08-28,3,7,60,60,53,53,0.21459361639527663,0.05471372891226145,-0.28880918762101815,0.05565048807745132,0.014950035352372382,-0.3834257654449349,0.05406947097336379,65.0,0.1620157530832112,-0.37214864448658375,33.239022008390236,69.81132075471697,0.10133456377422712
399971.SZ,中证传媒,any,2023-01-03,2026-08-28,8,20,60,60,49,49,-0.09148652930942935,-0.025947095728853342,-0.34348264921639515,0.032336809352891294,0.008758367383143284,-0.3943377972966883,-0.18454852397419957,28.333333333333332,-0.04097927451107447,-0.4758252939215474,44.495926137629695,42.857142857142854,-0.04883170401632919
399975.SZ,证券公司,ma5,2023-01-03,2026-08-28,4,8,51,51,41,41,0.2281666861553986,0.05793026001359203,-0.21234316962323374,0.19422603483803624,0.049837721308170435,-0.25563910599507367,0.18722555364654836,82.35294117647058,0.025360458008255593,-0.29198059410768207,37.020316027088036,82.92682926829268,0.18031597733810156
399975.SZ,证券公司,volume,2023-01-03,2026-08-28,2,0,50,50,0,0,0.072866873777643,0.019458948677930854,-0.26355355029985517,0.0650196088541195,0.017410341392575246,-0.26386350369753353,0.04506765580013461,64.0,0.0104137696515888,-0.29117909470155107,37.92325056433409,,
399975.SZ,证券公司,any,2023-01-03,2026-08-28,6,8,51,51,39,52,0.3190228616850508,0.0788221587482203,-0.20005616762729916,0.19748256536989928,0.05062137004908096,-0.2597851962617662,0.2807915589409651,88.23529411764706,0.09647775013686655,-0.29247076250802406,60.270880361173816,90.38461538461539,0.17746049367365324
399986.SZ,中证银行,ma5,2023-01-03,2026-08-28,8,20,42,42,21,33,0.37195280631242333,0.09051528577038104,-0.15625751561677992,0.4180713635454909,0.10043953892777391,-0.1742111993605303,0.3291341530355457,100.0,-0.04194765820080881,-0.20860324253266388,52.37020316027089,90.9090909090909,0.1563844583836802
399986.SZ,中证银行,volume,2023-01-03,2026-08-28,7,12,42,42,15,17,0.3858791092026872,0.0935372868910973,-0.1595230334921497,0.37175432748385595,0.09047205533032932,-0.173941165680066,0.36631769385556245,100.0,0.01678930642625953,-0.20860324253266388,52.82167042889391,94.11764705882352,0.2604294997962002
399986.SZ,中证银行,any,2023-01-03,2026-08-28,15,32,42,42,21,31,0.3757276335300648,0.09133661343549804,-0.15909529297393665,0.37175432748385595,0.09047205533032932,-0.173941165680066,0.3384189330631113,100.0,0.01446656595847895,-0.20860324253266388,52.37020316027089,93.54838709677419,0.156829201645172
399989.SZ,中证医疗,ma5,2023-01-03,2026-08-28,9,14,72,72,55,70,-0.18750773702476875,-0.05530867147704133,-0.26740060295842494,-0.19949929877443584,-0.059149694208075254,-0.3257953951818757,-0.2648652523213277,19.444444444444446,0.026325227122419304,-0.5218757406467589,61.738148984198645,24.285714285714285,-0.19277633504823766
399989.SZ,中证医疗,volume,2023-01-03,2026-08-28,4,4,64,64,56,73,-0.169916738163729,-0.04974787705147732,-0.2556182682152901,-0.19208068854942328,-0.056768549696248005,-0.3498917901667765,-0.21441171036623868,25.0,0.07425466017930793,-0.4947911874247811,56.09480812641084,27.397260273972602,-0.17106831463471972
399989.SZ,中证医疗,any,2023-01-03,2026-08-28,13,18,72,72,54,68,-0.19439418203241854,-0.05750940019348039,-0.2726293287274505,-0.21538572208173,-0.06430314778602841,-0.3340137026016027,-0.2648652523213277,19.444444444444446,0.03527447893797442,-0.5255224674074561,62.75395033860045,23.52941176470588,-0.19446121476685496
399995.SZ,基建工程,ma5,2023-01-03,2026-08-28,5,13,69,68,50,63,0.04386145364969085,0.011831640155538947,-0.2033910101652744,-0.0015577289012522755,-0.0004270686339404861,-0.23725628980127622,-0.0332295546874708,44.927536231884055,0.05658859236615943,-0.31434597741305936,37.24604966139955,42.857142857142854,-0.07202747178605351
399995.SZ,基建工程,volume,2023-01-03,2026-08-28,2,4,61,61,31,31,-0.030393003363608173,-0.008421383701784135,-0.24332874332825372,-0.019920229305015136,-0.005498189558341471,-0.271016172772248,-0.18240856570970998,29.508196721311474,0.011073896013108486,-0.45280801063758913,66.36568848758465,19.35483870967742,-0.18240856570970998
399995.SZ,基建工程,any,2023-01-03,2026-08-28,7,17,71,71,52,77,0.1308725792476222,0.03427414240991933,-0.21616494416984933,-0.015191053154008483,-0.004185595409672449,-0.24242329879623592,0.015634838380812477,52.112676056338024,0.1141517210502061,-0.36912756559900317,53.6117381489842,53.246753246753244,0.016082289014381468
399997.SZ,中证白酒,ma5,2023-01-03,2026-08-28,10,11,19,19,13,20,-0.42561095996163123,-0.14094486440767717,-0.5321198172900954,-0.4768257758883959,-0.1626492602762415,-0.5865732710552398,-0.4895423316351285,5.263157894736842,0.022845845620867222,-0.5776557041066193,70.99322799097065,30.0,-0.11786530829117825
399997.SZ,中证白酒,volume,2023-01-03,2026-08-28,2,5,19,19,2,2,-0.19640699116680305,-0.0581552200212353,-0.4765750692584043,-0.15844160943697005,-0.04616635793763424,-0.4886282186093689,-0.223842909339806,15.789473684210526,-0.04353549126857925,-0.5386703036550525,52.82167042889391,100.0,0.19399337804540784
399997.SZ,中证白酒,any,2023-01-03,2026-08-28,12,15,19,19,13,20,-0.42561095996163123,-0.14094486440767717,-0.5321198172900954,-0.4768257758883959,-0.1626492602762415,-0.5865732710552398,-0.4895423316351285,5.263157894736842,0.022845845620867222,-0.5776557041066193,70.99322799097065,30.0,-0.11786530829117825
399998.SZ,中证煤炭,ma5,2023-01-03,2026-08-28,9,14,33,33,28,40,0.6131490087036076,0.13999791074222356,-0.2051919130556712,0.5102340405663546,0.1195904888941024,-0.2532804804235287,0.4338553667215632,87.87878787878788,0.1505571473837175,-0.3482587318432687,78.66817155756208,57.49999999999999,0.032491362433548665
399998.SZ,中证煤炭,volume,2023-01-03,2026-08-28,1,12,31,31,30,30,0.35543385595431976,0.08690166708947955,-0.12116770640754992,0.5028509258100455,0.11808808457758269,-0.26324088660316014,0.07124398904820595,58.06451612903226,-0.04969885419308917,-0.20876314538585805,26.63656884875846,60.0,0.085129408859827
399998.SZ,中证煤炭,any,2023-01-03,2026-08-28,10,26,33,33,28,40,0.6283036786732576,0.1429224709284589,-0.20487096018633055,0.5182350735616141,0.12121262623566142,-0.2526606234744627,0.4338553667215632,87.87878787878788,0.1476799211882619,-0.3482587318432687,79.00677200902935,57.49999999999999,0.032491362433548665
899050.BJ,北证50,ma5,2023-01-03,2026-08-28,5,0,59,59,0,0,-0.1893976352201907,-0.055911281308805294,-0.32819348487283806,-0.1884874747859142,-0.055620941866967866,-0.33330283846297404,-0.27397030424321756,13.559322033898304,-0.004588094848621105,-0.4564228000134155,20.54176072234763,,
899050.BJ,北证50,any,2023-01-03,2026-08-28,5,0,59,59,0,0,-0.1893976352201907,-0.055911281308805294,-0.32819348487283806,-0.1884874747859142,-0.055620941866967866,-0.33330283846297404,-0.27397030424321756,13.559322033898304,-0.004588094848621105,-0.4564228000134155,20.54176072234763,,
930598.CSI,稀土产业,ma5,2023-01-03,2026-08-28,11,16,46,46,41,70,0.30613630695499494,0.07592387718599669,-0.3427944688216351,0.46671074519462596,0.11065553199694023,-0.3626969625011308,0.10120715801673885,54.347826086956516,-0.04747949815137764,-0.4627020624545858,56.77200902934537,52.85714285714286,0.033801082203615884
930598.CSI,稀土产业,volume,2023-01-03,2026-08-28,5,8,41,41,40,40,0.034924807747216846,0.009450668436936649,-0.392769314511883,0.5801840828071221,0.13356674745439134,-0.39929737942821353,-0.13471061458816547,24.390243902439025,-0.4647354177856634,-0.4160580205206882,24.040632054176072,25.0,-0.13400039462251706
930598.CSI,稀土产业,any,2023-01-03,2026-08-28,16,24,46,46,41,70,0.3056550048364879,0.07581522737060542,-0.34306317211357207,0.4688399971804085,0.1110970956496864,-0.36129865446297293,0.10120715801673885,54.347826086956516,-0.05371001147862675,-0.4627020624545858,56.77200902934537,52.85714285714286,0.033801082203615884
930606.CSI,中证钢铁,ma5,2023-01-03,2026-08-28,5,19,53,53,47,47,-0.024393394039109673,-0.006743965483096637,-0.2377558911429949,0.23538517772329426,0.059630388821523495,-0.3248739197229401,-0.15012837165472837,32.075471698113205,-0.19598194758891863,-0.4045115167799094,34.19864559819413,44.680851063829785,-0.032856811072979886
930606.CSI,中证钢铁,volume,2023-01-03,2026-08-28,2,11,53,53,48,48,0.26199772170553604,0.06583666240161534,-0.16720194588104664,0.3552042311249626,0.08685121053897493,-0.32310778071726065,0.10769137015041519,79.24528301886792,-0.03168300942453217,-0.26075948509046354,24.604966139954854,66.66666666666666,0.07083882054059021
930606.CSI,中证钢铁,any,2023-01-03,2026-08-28,7,29,53,53,47,47,-0.024393394039109673,-0.006743965483096637,-0.2377558911429949,0.23538517772329426,0.059630388821523495,-0.3248739197229401,-0.15012837165472837,32.075471698113205,-0.19598194758891863,-0.4045115167799094,34.19864559819413,44.680851063829785,-0.032856811072979886
930618.CSI,中证保险,ma5,2023-01-03,2026-08-28,5,8,24,24,12,12,0.03795004845956229,0.010258342276012078,-0.17533298907979344,0.006573520947826372,0.0017969024440327441,-0.22616445725447987,0.05924616321947174,62.5,0.0013206862302398426,-0.27287574240736484,20.146726862302483,66.66666666666666,0.18410841542198375
930618.CSI,中证保险,volume,2023-01-03,2026-08-28,3,3,23,23,0,0,0.003588857246806132,0.000982089985128054,-0.23105987395448746,0.009420216656931935,0.002572417005284766,-0.24576029432403668,0.05407345025494137,60.86956521739131,-0.006179673707388034,-0.34524015498214733,37.92325056433409,,
930618.CSI,中证保险,any,2023-01-03,2026-08-28,8,11,24,24,12,12,0.0453485165683587,0.01222639762725608,-0.17737623952401893,0.013467771128846673,0.0036723478843396773,-0.22971367904837925,0.07142743361905435,62.5,0.001023535947590859,-0.27287574240736484,20.598194130925506,66.66666666666666,0.18410841542198375
930633.CSI,中证旅游,ma5,2023-01-03,2026-08-28,11,17,45,45,27,27,-0.25054155003080736,-0.0759827479383216,-0.3566727173258015,-0.2400590716411225,-0.0724593341972729,-0.33071894407362046,-0.2685276460820284,15.555555555555555,-0.001853670659471951,-0.4146533343253912,37.020316027088036,7.4074074074074066,-0.23301440967985487
930633.CSI,中证旅游,volume,2023-01-03,2026-08-28,4,9,32,32,28,28,-0.2681955093906465,-0.08199840582329487,-0.34739690286741753,-0.3305172306107874,-0.10411647349581721,-0.4090344694249842,-0.2465233063576981,9.375,0.034386232659950666,-0.4144566065777947,31.15330302936599,7.142857142857142,-0.2465233063576981
930633.CSI,中证旅游,any,2023-01-03,2026-08-28,15,25,45,45,27,27,-0.261087780205557,-0.07956388234104872,-0.356309091200704,-0.25362073230383275,-0.07702452968751305,-0.3394713140142239,-0.2685276460820284,15.555555555555555,-0.002337277618121192,-0.4146533343253912,37.020316027088036,7.4074074074074066,-0.2374903602165902
930641.CSI,中证中药,ma5,2023-01-03,2026-08-28,10,13,60,60,56,89,0.02824534470221529,0.007661307337728296,-0.23279653482410945,0.03385863438560244,0.009165614739390815,-0.26121223762771395,0.004912888916549174,50.0,0.025058224150402708,-0.4028791667425508,53.16027088036118,55.0561797752809,0.01934451727428832
930641.CSI,中证中药,volume,2023-01-03,2026-08-28,4,2,55,55,49,51,-0.08626857066091642,-0.02441738789607295,-0.2649023061165444,-0.04301605035608358,-0.011975393815361057,-0.28337596893601913,-0.12772670158782073,29.09090909090909,-0.01018559794593843,-0.4087590812734052,35.214446952595935,29.411764705882355,-0.12878895553072478
930641.CSI,中证中药,any,2023-01-03,2026-08-28,14,15,60,60,56,89,0.02824534470221529,0.007661307337728296,-0.23279653482410945,0.005560891076935359,0.0015206515760155526,-0.26473319543410967,0.004912888916549174,50.0,0.06081736497669621,-0.4028791667425508,53.16027088036118,55.0561797752809,0.01934451727428832
930651.CSI,中证计算机,ma5,2023-01-03,2026-08-28,6,8,66,66,48,56,0.0587428033632349,0.015763815493835986,-0.29134707183169395,0.1073089405898997,0.028323873936485944,-0.2978445827106122,-0.09024547863449056,42.42424242424242,-0.004148733598812571,-0.451657025037206,43.45372460496614,51.78571428571429,0.006134939454197519
930651.CSI,中证计算机,volume,2023-01-03,2026-08-28,3,3,63,63,47,47,0.28894900650626765,0.07202583901261272,-0.25069908417011144,0.251328363653998,0.06335999484610344,-0.2615049661936427,0.1696174603977907,69.84126984126983,0.13152439045891318,-0.36760496170265544,29.571106094808126,80.85106382978722,0.20395315834532468
930651.CSI,中证计算机,any,2023-01-03,2026-08-28,9,11,66,66,48,56,0.06212624105386522,0.016652233518688053,-0.29181218233493456,0.10938018823773032,0.02885056815240361,-0.29731576646879676,-0.08659229490137516,43.93939393939394,-0.0049071295212718136,-0.451657025037206,43.45372460496614,51.78571428571429,0.006134939454197519
930707.CSI,畜牧养殖,ma5,2023-01-03,2026-08-28,12,17,46,46,36,40,-0.24836518567485577,-0.07524829000482547,-0.3385394027688733,-0.17316425046851092,-0.05076798418655892,-0.3338112922380836,-0.25931839616385133,15.217391304347828,-0.004096915697858916,-0.49132751520653856,51.580135440180584,22.5,-0.207752495120606
930707.CSI,畜牧养殖,volume,2023-01-03,2026-08-28,7,12,45,45,36,40,-0.23059908319731337,-0.0693097667724889,-0.3233647346395955,-0.18962348407436025,-0.055983363310242784,-0.34063229787560645,-0.2046762966460175,17.77777777777778,0.012094299307780276,-0.4745102259111804,50.79006772009029,22.5,-0.19270442672130172
930707.CSI,畜牧养殖,any,2023-01-03,2026-08-28,19,28,46,46,37,41,-0.2422508366729773,-0.07319310831003945,-0.3334153131030759,-0.18865288344277997,-0.055673689328790577,-0.3483148895532231,-0.22158461162077558,15.217391304347828,-0.003388519780202548,-0.48933333089442127,51.580135440180584,21.951219512195124,-0.2046762966460175
930726.CSI,生物医药,ma5,2023-01-03,2026-08-28,6,17,43,42,29,32,-0.11059725975965595,-0.03160469899860796,-0.2650180087321343,-0.10412925258091621,-0.029680094098012755,-0.28013935718211513,-0.15528500368513698,25.581395348837212,0.044408801185851776,-0.43376292471439615,34.31151241534989,31.25,-0.10275747488577675
930726.CSI,生物医药,volume,2023-01-03,2026-08-28,3,8,43,42,27,31,-0.07733700831928414,-0.02181364607547287,-0.2299859010451175,-0.10192577587197327,-0.029026736793637875,-0.27893087205737177,-0.15528500368513698,30.23255813953488,0.012085667401072309,-0.4289316339477086,33.40857787810384,32.25806451612903,-0.09924378178060644
930726.CSI,生物医药,any,2023-01-03,2026-08-28,9,25,43,42,29,32,-0.11828245639137736,-0.033904742963085654,-0.2646803576098159,-0.13126940637927031,-0.037824808352725725,-0.28696706043921993,-0.1663766804506096,27.906976744186046,0.039761663636978306,-0.43376292471439615,35.10158013544018,31.25,-0.1272643927328717
930851.CSI,云计算,ma5,2023-01-03,2026-08-28,4,10,62,62,49,49,0.18150777461218692,0.046762266003119723,-0.16320314322983387,0.8736205674733344,0.18772639312619854,-0.26987418481078174,0.10192332510038327,67.74193548387096,-0.08453050252747552,-0.2666543684175173,7.674943566591422,75.51020408163265,0.13272765510526474
930851.CSI,云计算,volume,2023-01-03,2026-08-28,2,4,62,62,49,49,0.22039472608402044,0.05609164641765463,-0.1578675704880853,0.7287979118746901,0.1618320313075885,-0.2615953187607838,0.09092597856199669,70.96774193548387,0.029642127169921317,-0.24797099460354366,6.207674943566591,77.55102040816327,0.13382636489287214
930851.CSI,云计算,any,2023-01-03,2026-08-28,6,14,62,62,49,49,0.20718104046194208,0.05294607488234049,-0.1578675704880853,0.724902298002154,0.1611140871782819,-0.2615953187607838,0.10192332510038327,69.35483870967742,-0.03562943695236265,-0.2622155311801563,7.1106094808126405,77.55102040816327,0.13382636489287214
930901.CSI,动漫游戏,ma5,2023-01-03,2026-08-28,3,11,28,28,0,0,-0.21499474535618002,-0.06417541234825175,-0.3742122081139937,-0.19228307022915914,-0.056833296904824304,-0.3726418331643858,-0.25446757259634106,7.142857142857142,-0.02134247194681188,-0.4632231280770082,23.363431151241535,,
930901.CSI,动漫游戏,any,2023-01-03,2026-08-28,3,15,28,28,0,0,-0.21499474535618002,-0.06417541234825175,-0.3742122081139937,-0.19228307022915914,-0.056833296904824304,-0.3726418331643858,-0.25446757259634106,7.142857142857142,-0.02134247194681188,-0.4632231280770082,23.363431151241535,,
930997.CSI,新能源车,ma5,2023-01-03,2026-08-28,9,18,94,94,75,92,0.11469417251136127,0.030198594923183775,-0.3860748112236383,0.29716962845130346,0.07389493387752188,-0.4174575394131782,-0.1124496003360469,41.48936170212766,-0.04187387636222001,-0.5528415133474542,52.088036117381485,43.47826086956522,-0.09530279061167946
930997.CSI,新能源车,volume,2023-01-03,2026-08-28,4,16,94,94,76,93,0.2465256696386151,0.062240144464712044,-0.3611603157618499,0.2976528390574982,0.07400453193036971,-0.4042073509517904,-0.005421722110495575,50.0,-0.021772143076667527,-0.5468147878273234,51.29796839729119,47.31182795698925,-0.021695367744751115
930997.CSI,新能源车,any,2023-01-03,2026-08-28,13,33,94,94,75,92,0.1158763740135067,0.03049785561763807,-0.38722363199779364,0.26798100248802514,0.06721890893345472,-0.416917829155232,-0.1124496003360469,41.48936170212766,-0.03711025076150487,-0.5528415133474542,52.088036117381485,43.47826086956522,-0.09530279061167946
931009.CSI,建筑材料,ma5,2023-01-03,2026-08-28,8,18,55,54,51,77,-0.1179714282623524,-0.033811375704344115,-0.3082924210218836,-0.07760409182562855,-0.02189124063684955,-0.3974197354320165,-0.12639399741514723,30.909090909090907,-0.012321988719353305,-0.49709401655534,50.39727582292849,35.064935064935064,-0.05349434315576651
931009.CSI,建筑材料,volume,2023-01-03,2026-08-28,2,7,55,55,52,52,-0.1372771628403442,-0.03965263344715697,-0.3472917343228854,-0.06912434522785216,-0.019435578196259073,-0.3988301952458545,-0.15463878917691376,21.818181818181817,0.012577830274442592,-0.4772035947727338,42.09932279909707,23.076923076923077,-0.16501237227440374
931009.CSI,建筑材料,any,2023-01-03,2026-08-28,10,24,55,55,52,78,-0.12460187623283348,-0.035806963395297764,-0.32214324969681596,-0.06629549950097113,-0.018619981808354558,-0.3982715990925858,-0.13628568476449465,30.909090909090907,-0.023766244148877735,-0.5051546116480861,50.39727582292849,35.8974358974359,-0.08000089569059798
931151.CSI,光伏产业,ma5,2023-01-03,2026-08-28,11,15,69,69,53,70,-0.09947506951200769,-0.028301438495931364,-0.3865388091141866,-0.18164661428894635,-0.05344625171262951,-0.4136348819444656,-0.2026998526125776,34.78260869565217,0.0982626681620492,-0.5481244478727543,69.18735891647856,27.142857142857142,-0.2118021544249512
931151.CSI,光伏产业,volume,2023-01-03,2026-08-28,4,9,68,68,50,50,-0.24213917575920152,-0.07315568847984688,-0.3896726481719205,-0.2749950633387769,-0.08434349322879298,-0.42146330884055727,-0.30850483949339796,23.52941176470588,0.03334469052352074,-0.5397213789863097,47.51693002257336,6.0,-0.4042184060845183
931151.CSI,光伏产业,any,2023-01-03,2026-08-28,15,23,69,69,53,70,-0.10014262711364363,-0.028498863219322712,-0.38542844927664766,-0.196412928951348,-0.058157126925369895,-0.4105206423831187,-0.2026998526125776,34.78260869565217,0.11413933458302294,-0.5481244478727544,69.18735891647856,27.142857142857142,-0.2118021544249512
931152.CSI,创新药,ma5,2023-01-03,2026-08-28,8,19,67,67,48,58,-0.06989619868981445,-0.019658426919400007,-0.2240512454127891,0.15187546674321695,0.039502368833629786,-0.2709126143174071,-0.09862351415583481,26.865671641791046,-0.01535413321910728,-0.4052906923515851,31.264108352144472,39.6551724137931,-0.03525174182985524
931152.CSI,创新药,volume,2023-01-03,2026-08-28,4,6,67,67,46,56,-0.03667381782276036,-0.010185516435850084,-0.19699230986045446,0.11741151934013816,0.030886116660454155,-0.26766305892097075,-0.0805863077202259,32.83582089552239,-0.050049976331700385,-0.3924337840713321,32.39277652370203,44.642857142857146,-0.07171957088109898
931152.CSI,创新药,any,2023-01-03,2026-08-28,11,25,67,67,48,58,-0.08479062070545362,-0.023985261833093463,-0.22480270918172252,0.09367509912290362,0.02483897685174319,-0.26766305892097075,-0.13092755957935698,26.865671641791046,-0.012085799340263992,-0.40837390513609584,31.715575620767495,37.93103448275862,-0.07171957088109898
931160.CSI,通信设备,ma5,2023-01-03,2026-08-28,9,22,65,65,48,72,1.3883263972321584,0.2694042181318157,-0.21719928685812484,2.3663988120336663,0.39458994161683814,-0.40067325303480905,0.34745145702185054,75.38461538461539,-0.14865900053290715,-0.39612011378214207,35.66591422121896,77.77777777777779,0.1532229551929708
931160.CSI,通信设备,volume,2023-01-03,2026-08-28,6,9,65,65,48,73,1.6569597020228706,0.30702540166522785,-0.22343672311499763,2.3572339509957643,0.3935485919744435,-0.402263871523315,0.3770291137021693,80.0,-0.08589436282739649,-0.3600921798747446,34.19864559819413,87.67123287671232,0.17342928512718703
931160.CSI,通信设备,any,2023-01-03,2026-08-28,15,31,65,65,48,72,1.410971653917418,0.2726908750692447,-0.2189391273131247,2.32829658907092,0.3902470031479419,-0.4030211289978408,0.34745145702185054,73.84615384615385,-0.17125181346205542,-0.39612011378214207,37.020316027088036,79.16666666666666,0.1532229551929708
931230.CSI,汽车零部件,ma5,2023-01-03,2026-08-28,11,12,210,210,165,248,0.33129367824532796,0.0815629113158951,-0.24833479330529262,0.47329072411743955,0.11201858735263959,-0.3215109446367582,0.0978602189659693,63.8095238095238,-0.023583361468018815,-0.46972763958855435,45.48532731376975,69.35483870967742,0.11289928783562819
931230.CSI,汽车零部件,volume,2023-01-03,2026-08-28,5,3,201,201,155,181,0.2956026677205106,0.0735393240647566,-0.3182564132953849,0.4798644637754388,0.11337594403724105,-0.3341363223099094,0.11091457249735659,62.189054726368155,-0.03590986625899262,-0.49697095682128645,55.75620767494357,65.74585635359117,0.10183769346313931
931230.CSI,汽车零部件,any,2023-01-03,2026-08-28,16,15,210,210,163,244,0.33321380821209345,0.08199012127703464,-0.25607762852233884,0.47255329965381154,0.11186604862100702,-0.32273063321307316,0.11604522884070634,64.28571428571429,-0.027992681005782005,-0.47067541913014316,45.598194130925506,68.85245901639344,0.11289928783562819
931743.CSI,半导体材料设备,ma5,2023-01-03,2026-08-28,3,22,55,55,38,38,0.18993434990964553,0.04880260086571342,-0.12684683611119774,1.3574721636525449,0.26488952590670545,-0.38865873747205504,0.042748702718426124,65.45454545454545,-0.42336160497583886,-0.25576386354617464,11.286681715575622,57.89473684210527,0.050449825375790236
931743.CSI,半导体材料设备,volume,2023-01-03,2026-08-28,1,4,40,40,37,37,0.4986295970346293,0.11722666909480473,-0.20178692391229458,2.731185572184684,0.4344633896825314,-0.42992918022499793,0.12974199950928467,77.5,-1.3725439255065341,-0.2807165634224854,21.19678288221131,75.67567567567568,0.11406021643594788
931743.CSI,半导体材料设备,any,2023-01-03,2026-08-28,4,26,55,55,38,38,0.18993434990964553,0.04880260086571342,-0.12684683611119774,1.3574721636525449,0.26488952590670545,-0.38865873747205504,0.042748702718426124,65.45454545454545,-0.42336160497583886,-0.25576386354617464,11.286681715575622,57.89473684210527,0.050449825375790236
931752.CSI,工程机械,ma5,2023-01-03,2026-08-28,4,19,70,70,37,41,0.13385442385227697,0.03502068025201721,-0.1665925995462717,0.06140607242906171,0.01646330502022786,-0.23173675844422403,0.052367206525027576,61.42857142857143,0.012285971320326383,-0.3348838585936701,24.901225593347874,87.8048780487805,0.1520916432147521
931752.CSI,工程机械,any,2023-01-03,2026-08-28,4,27,70,70,37,41,0.13385442385227697,0.03502068025201721,-0.1665925995462717,0.06140607242906171,0.01646330502022786,-0.23173675844422403,0.052367206525027576,61.42857142857143,0.012285971320326383,-0.3348838585936701,24.901225593347874,87.8048780487805,0.1520916432147521
931775.CSI,房地产,ma5,2023-01-03,2026-08-28,14,7,112,108,83,106,0.0018564012085602322,0.0005083226648232575,-0.3182403360164535,-0.013152088287242014,-0.003621087403088752,-0.35273000237778596,-0.10112449207254604,33.92857142857143,-0.012518163346244893,-0.5138354240604852,65.23702031602708,36.79245283018868,-0.11286492731594033
931775.CSI,房地产,volume,2023-01-03,2026-08-28,2,1,94,90,81,81,-0.04008935100402378,-0.011148366704105683,-0.3966072337155325,-0.09092742051920888,-0.025782881579308414,-0.40784860440608706,-0.041234312864449174,41.48936170212766,0.09706322210570117,-0.5041900422445316,61.68171557562077,45.67901234567901,-0.0376449288069759
931775.CSI,房地产,any,2023-01-03,2026-08-28,16,8,113,109,83,106,-0.0034738629152162304,-0.0009530619880795399,-0.3170906751942806,-0.050172469489429994,-0.014005418604034148,-0.35382301322731247,-0.11105174578600119,33.6283185840708,0.0,-0.5147180963332805,65.46275395033861,37.735849056603776,-0.10946973680448707
931994.CSI,电网设备,ma5,2023-01-03,2026-08-28,12,24,111,111,82,103,0.43775656033628607,0.10460431247949775,-0.21531736751985153,0.5694865947011927,0.13145884069083835,-0.30948215305238846,0.28472900656019484,75.67567567567568,0.008075518796021308,-0.42528739369182655,58.69074492099323,66.99029126213593,0.13979613084171483
931994.CSI,电网设备,volume,2023-01-03,2026-08-28,2,11,80,80,73,73,0.28565636308324227,0.07127477420470152,-0.13324040035473916,0.674737039821427,0.15176193013049977,-0.3173872152044469,0.16951005402524477,77.5,-0.12631400867252585,-0.2689307931341679,24.71783295711061,76.71232876712328,0.16756822056243514
931994.CSI,电网设备,any,2023-01-03,2026-08-28,14,34,111,111,82,103,0.43429493688878607,0.10387495372994016,-0.21975186071191755,0.5651824886821404,0.13060778695969866,-0.3095160359892851,0.2692102148320301,75.67567567567568,0.008075518796021308,-0.42528739369182655,58.69074492099323,66.99029126213593,0.1391490399243671
950162.CSI,科创芯片设计,ma5,2023-01-03,2026-08-28,2,8,53,53,13,13,0.19875316660887954,0.050926706868321014,-0.29894838581456873,0.19918565159280655,0.051030583271141516,-0.36040365825535603,0.12227467439730022,69.81132075471697,-0.0285957872234075,-0.39010351591972237,11.187214611872145,76.92307692307693,0.33247511869250923
950162.CSI,科创芯片设计,any,2023-01-03,2026-08-28,2,9,53,53,13,13,0.19875316660887954,0.050926706868321014,-0.29894838581456873,0.19918565159280655,0.051030583271141516,-0.36040365825535603,0.12227467439730022,69.81132075471697,-0.0285957872234075,-0.39010351591972237,11.187214611872145,76.92307692307693,0.33247511869250923
980022.SZ,机器人产业,ma5,2023-01-03,2026-08-28,10,15,149,149,127,184,0.5025593963396819,0.1180286508131847,-0.26044494226164616,0.7787579243508898,0.17093696782786272,-0.3376693285343423,0.14016225286703987,60.40268456375839,0.017392230012063026,-0.46206894993248526,51.805869074492094,59.2391304347826,0.13815824868789395
980022.SZ,机器人产业,volume,2023-01-03,2026-08-28,4,2,118,118,114,114,0.01799045778776831,0.004897630605626979,-0.32638693271238906,0.6575072460763443,0.14850292723603453,-0.3495779096738635,-0.06144202832792023,37.28813559322034,-0.21250020757776872,-0.4421820668629379,22.00902934537246,36.84210526315789,-0.06144202832792023
980022.SZ,机器人产业,any,2023-01-03,2026-08-28,14,17,149,149,127,184,0.4995525578923936,0.1174151612500609,-0.26014343010821017,0.7766876897115058,0.1705633910427251,-0.335639184697078,0.12345120346785432,59.73154362416108,0.010969548600106904,-0.46206894993248526,51.805869074492094,58.69565217391305,0.14028950932701922
980028.SZ,龙头家电,ma5,2023-01-03,2026-08-28,8,9,39,39,31,48,0.04276595251587323,0.011540565885955312,-0.21105159021026798,0.10291870137791159,0.027205117908403187,-0.26425250069492034,-0.08392107054242381,38.46153846153847,0.010832016174809334,-0.43226114474929656,58.239277652370205,60.416666666666664,0.05183948755309431
980028.SZ,龙头家电,volume,2023-01-03,2026-08-28,1,9,30,30,0,0,-0.07470193735309083,-0.021048963554734068,-0.21370225209600135,-0.08460037056702341,-0.023929672917555544,-0.21380242764420443,-0.1254184286818375,26.666666666666668,-0.0011176883265584525,-0.30196671486717075,11.738148984198645,,
980028.SZ,龙头家电,any,2023-01-03,2026-08-28,9,17,39,39,31,47,0.03439737019821898,0.00930967860859444,-0.21105159021026798,0.10171663320685775,0.026898233559294216,-0.2645528767154379,-0.08392107054242381,38.46153846153847,-0.005808086395500012,-0.43226114474929656,58.239277652370205,59.57446808510638,0.03418108702928935
H30171.CSI,全指运输,ma5,2023-01-03,2026-08-28,17,20,114,114,90,126,0.06388881624159848,0.017114234146603735,-0.17908951041957788,0.10001994228489375,0.026464659547058567,-0.1805776054992856,-0.004234538154369583,49.122807017543856,-0.0021775961880775574,-0.35632893704747287,69.75169300225734,53.17460317460318,0.0065478822895599365
H30171.CSI,全指运输,volume,2023-01-03,2026-08-28,5,9,107,107,72,82,0.08016691702602596,0.021354954234767298,-0.16353591384345256,0.09837585562512285,0.02604406466663267,-0.17211094075157973,0.0007515675041511738,50.467289719626166,0.007848048068492819,-0.34770734645206136,64.55981941309255,45.1219512195122,-0.046292214061244674
H30171.CSI,全指运输,any,2023-01-03,2026-08-28,22,27,114,114,84,117,0.05816706329964183,0.015612433388894731,-0.17908951041957788,0.10111123377793274,0.02674358487494266,-0.1805776054992856,-0.01621213232845692,47.368421052631575,-0.003373979665299176,-0.3571137184852873,70.6546275395034,51.28205128205128,0.004542974155233415
H30184.CSI,半导体,ma5,2023-01-03,2026-08-28,3,16,116,115,88,88,0.3943218186112092,0.09535863130821998,-0.15843685593406487,1.6068419045053974,0.3002232372024418,-0.4131854356991702,0.1294355013350298,72.41379310344827,-0.36438185731729333,-0.30066088116212497,20.71544162363297,70.45454545454545,0.1442447810543135
H30184.CSI,半导体,volume,2023-01-03,2026-08-28,3,9,97,97,90,90,0.37357093323165147,0.09086755880018593,-0.18458769810875797,1.5401272619068673,0.29101958323799426,-0.4288329774086771,0.11406021643594788,68.04123711340206,-0.582948059498912,-0.3277466748249075,22.799097065462753,66.66666666666666,0.11238771139423653
H30184.CSI,半导体,any,2023-01-03,2026-08-28,6,25,116,115,88,88,0.345922443145239,0.0848064629011338,-0.15668784046897377,1.3159994825039627,0.2587530227590489,-0.4076819668276731,0.07866867103433306,67.24137931034483,-0.2276021488528136,-0.3117950451407373,20.776255707762555,65.9090909090909,0.10619389601836582
H30198.CSI,油气产业,ma5,2023-01-03,2026-08-28,11,24,92,92,69,90,0.2381951211013016,0.060290248218921594,-0.19641149915400813,0.2589357440582434,0.0651274488252056,-0.26564994233379513,0.11551296200649286,67.3913043478261,0.0003498207039162593,-0.35819186065426406,58.40857787810384,48.888888888888886,-0.004957388513886329
H30198.CSI,油气产业,volume,2023-01-03,2026-08-28,3,15,68,68,63,92,0.34349858981051495,0.08427081087923782,-0.12462376678153797,0.42508611742049585,0.10192842783359568,-0.2869889816691197,0.18604942861313423,75.0,-0.04699523198902744,-0.3122679134220491,38.60045146726863,61.95652173913043,0.08358519306878598
H30198.CSI,油气产业,any,2023-01-03,2026-08-28,14,38,92,92,69,90,0.2364192875292781,0.059873355563816455,-0.19815600605743633,0.2593150161363722,0.06521536351965218,-0.26522086850602933,0.11551296200649286,67.3913043478261,0.0008093423940049305,-0.3619064187247654,58.40857787810384,47.77777777777778,-0.009784694370508162
H30199.CSI,电力公用,ma5,2023-01-03,2026-08-28,8,20,69,69,59,91,0.26167141741642985,0.06576114349257622,-0.15649772567528397,0.21796413410713966,0.05551489636227225,-0.26052884634776463,0.22958820822090464,73.91304347826086,0.04080592194537558,-0.30418963006594757,57.33634311512416,68.13186813186813,0.1281439464507601
H30199.CSI,电力公用,volume,2023-01-03,2026-08-28,1,11,54,54,52,52,0.06858733382658122,0.018343085634131784,-0.1349087263835591,0.299051823548969,0.07432167168225501,-0.2613795229342084,0.030316412201575438,53.70370370370371,-0.12142912766124792,-0.2679539479711216,31.94130925507901,53.84615384615385,0.030316412201575438
H30199.CSI,电力公用,any,2023-01-03,2026-08-28,9,29,69,69,59,91,0.2679103709965469,0.06720261942427697,-0.15637134791651797,0.23783238461791445,0.060205127911917344,-0.26115434659305636,0.24886043693112425,73.91304347826086,0.02260754840781276,-0.30418963006594757,57.33634311512416,69.23076923076923,0.1281439464507601
H30202.CSI,全指软件,ma5,2023-01-03,2026-08-28,5,6,58,58,40,40,0.13031426270073365,0.03413420287882363,-0.31845642056984547,0.01517054926680883,0.004134128247473168,-0.42636905898016453,0.01368289700130143,51.724137931034484,0.07850320283502993,-0.4499435748499152,41.13995485327314,87.5,0.22691002885953404
H30202.CSI,全指软件,any,2023-01-03,2026-08-28,5,7,58,58,40,40,0.13031426270073365,0.03413420287882363,-0.31845642056984547,0.01517054926680883,0.004134128247473168,-0.42636905898016453,0.01368289700130143,51.724137931034484,0.07850320283502993,-0.4499435748499152,41.13995485327314,87.5,0.22691002885953404
H30217.CSI,医疗器械,ma5,2023-01-03,2026-08-28,11,12,115,115,88,146,0.06494840097904309,0.017391701766934053,-0.24018143526920077,-0.0158624865669188,-0.004371674234598388,-0.27969267355981986,-0.08407374182654948,41.73913043478261,0.06097091719753833,-0.4679172208832574,68.39729119638827,45.89041095890411,-0.014020892271297047
H30217.CSI,医疗器械,volume,2023-01-03,2026-08-28,4,6,113,113,81,87,-0.006497382266742346,-0.0017845364439328382,-0.23338123294730495,-0.02350390973191674,-0.0064959143781185835,-0.2725044302807248,-0.16749478646563387,30.973451327433626,0.015053818906246352,-0.4825152018524337,56.32054176072234,27.586206896551722,-0.1361409968216939
H30217.CSI,医疗器械,any,2023-01-03,2026-08-28,15,18,115,115,86,139,0.06942397801767042,0.01856149013341013,-0.23695552310398793,-0.03515250105062717,-0.009757449818208697,-0.27637428607670256,-0.07714684525677151,40.0,0.08934686145557358,-0.4679172208832574,69.41309255079007,46.76258992805755,-0.013031066130105518
H30269.CSI,红利低波,ma5,2023-01-03,2026-08-28,9,15,104,104,71,98,0.12563299529768512,0.03295888540191427,-0.10021886532679947,0.18774665247213362,0.048273902298993976,-0.15691312855484663,0.04308410495498327,56.730769230769226,-0.011779923457973518,-0.21913438100573102,25.056433408577877,64.28571428571429,0.051019674142029126
H30269.CSI,红利低波,volume,2023-01-03,2026-08-28,5,7,68,68,9,9,0.013805022600055894,0.003763852603249518,-0.12896391403568386,0.011830080636481055,0.0032276871007719254,-0.1268485647158687,0.0036845615314402558,52.94117647058824,0.00804554741571184,-0.1903878821769493,24.322799097065463,44.44444444444444,-0.017752487196325384
H30269.CSI,红利低波,any,2023-01-03,2026-08-28,14,22,104,104,71,97,0.1271321858952872,0.033335670129190254,-0.1004391377395305,0.18739462125263873,0.04818876126033267,-0.15712946267863026,0.04411726110804404,57.692307692307686,-0.0030035218458902557,-0.22070495581280142,25.33860045146727,63.91752577319587,0.047792684977352895
H30588.CSI,中证证保,ma5,2023-01-03,2026-08-28,4,6,51,51,40,40,0.2874100500636938,0.07167497063051553,-0.20886104363274838,0.28632268955944307,0.07142687848366824,-0.24658194809889733,0.20831112258768636,88.23529411764706,0.0024603164516725506,-0.26804019409545277,37.020316027088036,90.0,0.2404318884326856
H30588.CSI,中证证保,volume,2023-01-03,2026-08-28,2,2,50,50,27,27,0.30696186370147394,0.0761101718569348,-0.24810821069489086,0.2890455159591132,0.07204783217304911,-0.24836002729528228,0.24891573827579916,88.0,0.009536213990758435,-0.3262627881414635,62.189616252821665,100.0,0.23544958706281816
H30588.CSI,中证证保,any,2023-01-03,2026-08-28,6,8,51,51,38,51,0.39092700915125356,0.09462723461980027,-0.1908211356767564,0.28632268955944307,0.07142687848366824,-0.24658194809889733,0.3433146329675547,90.19607843137256,0.07975352606414354,-0.29198059410768207,60.270880361173816,96.07843137254902,0.24172685693490625
