index_code,index_name,signal_date,fear_score,fear_pass,fear_available
000300.SH,沪深300,2023-03-23,64.2852,False,True
000300.SH,沪深300,2023-06-05,40.2805,False,True
000300.SH,沪深300,2023-08-30,61.9039,False,True
000300.SH,沪深300,2023-10-27,48.8689,False,True
000300.SH,沪深300,2023-12-12,44.2101,False,True
000300.SH,沪深300,2024-08-16,50.2706,False,True
000300.SH,沪深300,2024-09-20,51.7998,False,True
000300.SH,沪深300,2025-04-14,34.0565,True,True
000300.SH,沪深300,2025-11-28,49.7645,False,True
000300.SH,沪深300,2026-02-09,45.6907,False,True
000300.SH,沪深300,2026-03-30,39.3373,True,True
000016.SH,上证50,2023-03-23,54.6587,False,True
000016.SH,上证50,2023-06-07,40.0465,False,True
000016.SH,上证50,2023-08-28,66.1854,False,True
000016.SH,上证50,2023-10-27,52.5964,False,True
000016.SH,上证50,2023-12-12,37.7272,True,True
000016.SH,上证50,2024-07-02,70.465,False,True
000016.SH,上证50,2024-09-20,46.5233,False,True
000016.SH,上证50,2025-01-15,48.2721,False,True
000016.SH,上证50,2025-04-14,40.7026,False,True
000016.SH,上证50,2025-11-28,45.4905,False,True
000016.SH,上证50,2026-01-29,54.7838,False,True
000016.SH,上证50,2026-03-30,45.2508,False,True
000016.SH,上证50,2026-08-10,68.9892,False,True
000510.SH,中证A500,2025-04-14,,False,False
000510.SH,中证A500,2025-11-28,54.2523,False,True
000510.SH,中证A500,2026-03-30,38.9485,True,True
000905.SH,中证500,2023-03-22,53.8998,False,True
000905.SH,中证500,2023-08-30,38.1302,True,True
000905.SH,中证500,2023-10-30,47.1461,False,True
000905.SH,中证500,2023-12-29,46.5535,False,True
000905.SH,中证500,2024-07-11,50.5762,False,True
000905.SH,中证500,2024-07-31,60.8537,False,True
000905.SH,中证500,2024-08-30,60.8131,False,True
000905.SH,中证500,2025-04-14,39.6763,True,True
000905.SH,中证500,2025-11-28,50.062,False,True
000905.SH,中证500,2026-03-30,40.6425,False,True
000905.SH,中证500,2026-06-15,46.9614,False,True
000905.SH,中证500,2026-07-24,27.3993,True,True
000852.SH,中证1000,2023-03-22,58.1392,False,True
000852.SH,中证1000,2023-05-05,44.718,False,True
000852.SH,中证1000,2023-08-30,32.7946,True,True
000852.SH,中证1000,2023-12-29,51.7644,False,True
000852.SH,中证1000,2024-04-25,57.8731,False,True
000852.SH,中证1000,2024-06-14,58.2877,False,True
000852.SH,中证1000,2024-07-31,63.3262,False,True
000852.SH,中证1000,2024-08-30,63.7975,False,True
000852.SH,中证1000,2024-09-24,69.2582,False,True
000852.SH,中证1000,2025-01-15,53.2125,False,True
000852.SH,中证1000,2025-04-14,43.291,False,True
000852.SH,中证1000,2025-11-28,55.5884,False,True
000852.SH,中证1000,2026-03-30,46.2371,False,True
000852.SH,中证1000,2026-07-24,28.2354,True,True
932000.CSI,中证2000,2023-03-22,,False,False
932000.CSI,中证2000,2023-08-30,,False,False
932000.CSI,中证2000,2023-12-29,,False,False
932000.CSI,中证2000,2024-04-25,52.6614,False,True
932000.CSI,中证2000,2024-06-13,53.2234,False,True
932000.CSI,中证2000,2025-04-14,40.6314,False,True
932000.CSI,中证2000,2026-03-30,36.5999,True,True
932000.CSI,中证2000,2026-06-15,36.1168,True,True
932000.CSI,中证2000,2026-07-28,18.7913,True,True
000985.SH,中证全指,2023-03-22,54.8586,False,True
000985.SH,中证全指,2023-08-30,51.8053,False,True
000985.SH,中证全指,2023-10-27,46.2798,False,True
000985.SH,中证全指,2023-12-12,50.4194,False,True
000985.SH,中证全指,2023-12-29,47.2297,False,True
000985.SH,中证全指,2024-06-19,60.0063,False,True
000985.SH,中证全指,2024-09-20,52.7169,False,True
000985.SH,中证全指,2025-01-15,49.39,False,True
000985.SH,中证全指,2025-04-14,37.6056,True,True
000985.SH,中证全指,2025-11-28,48.511,False,True
000985.SH,中证全指,2026-03-30,35.7391,True,True
000985.SH,中证全指,2026-06-15,37.3266,True,True
000985.SH,中证全指,2026-07-24,30.4828,True,True
899050.BJ,北证50,2023-03-02,,False,False
899050.BJ,北证50,2023-03-27,,False,False
899050.BJ,北证50,2023-06-19,,False,False
899050.BJ,北证50,2023-07-31,,False,False
899050.BJ,北证50,2023-08-30,,False,False
899050.BJ,北证50,2023-10-27,,False,False
899050.BJ,北证50,2024-01-19,,False,False
899050.BJ,北证50,2024-02-19,,False,False
899050.BJ,北证50,2024-06-14,,False,False
899050.BJ,北证50,2024-07-01,,False,False
899050.BJ,北证50,2024-09-25,,False,False
899050.BJ,北证50,2024-12-24,,False,False
899050.BJ,北证50,2025-01-09,,False,False
899050.BJ,北证50,2025-04-14,,False,False
899050.BJ,北证50,2025-06-25,,False,False
899050.BJ,北证50,2025-10-24,,False,False
899050.BJ,北证50,2026-04-02,33.8432,True,True
899050.BJ,北证50,2026-06-08,41.4366,False,True
899050.BJ,北证50,2026-07-31,33.3729,True,True
000680.SH,科创综指,2023-05-16,,False,False
000680.SH,科创综指,2023-08-03,,False,False
000680.SH,科创综指,2023-08-30,,False,False
000680.SH,科创综指,2023-12-29,,False,False
000680.SH,科创综指,2024-04-25,,False,False
000680.SH,科创综指,2024-07-11,,False,False
000680.SH,科创综指,2024-08-30,,False,False
000680.SH,科创综指,2024-09-25,,False,False
000680.SH,科创综指,2025-10-24,57.1997,False,True
000680.SH,科创综指,2025-11-28,51.5036,False,True
000680.SH,科创综指,2026-03-30,38.8628,True,True
000688.SH,科创50,2023-05-17,46.0689,False,True
000688.SH,科创50,2023-08-30,44.6618,False,True
000688.SH,科创50,2023-09-25,33.0611,True,True
000688.SH,科创50,2023-10-30,51.3223,False,True
000688.SH,科创50,2024-01-26,24.2269,True,True
000688.SH,科创50,2024-07-10,61.4807,False,True
000688.SH,科创50,2024-09-25,59.0735,False,True
000688.SH,科创50,2025-04-14,46.4987,False,True
000688.SH,科创50,2025-06-04,49.2837,False,True
000688.SH,科创50,2025-06-25,62.7514,False,True
000688.SH,科创50,2025-11-28,53.3865,False,True
000688.SH,科创50,2026-04-08,44.2649,False,True
000698.SH,科创100,2023-08-30,,False,False
000698.SH,科创100,2023-12-29,,False,False
000698.SH,科创100,2024-02-07,44.2183,False,True
000698.SH,科创100,2024-04-23,50.624,False,True
000698.SH,科创100,2024-07-12,51.8419,False,True
000698.SH,科创100,2024-08-30,68.9661,False,True
000698.SH,科创100,2026-03-30,41.0687,False,True
000698.SH,科创100,2026-07-24,26.066,True,True
000699.SH,科创200,2024-09-25,,False,False
000699.SH,科创200,2025-10-24,56.4918,False,True
000699.SH,科创200,2026-03-30,48.2386,False,True
000699.SH,科创200,2026-08-05,39.304,True,True
399006.SZ,创业板指,2023-03-23,63.6756,False,True
399006.SZ,创业板指,2023-06-14,41.1695,False,True
399006.SZ,创业板指,2023-08-30,51.1351,False,True
399006.SZ,创业板指,2023-09-26,41.3354,False,True
399006.SZ,创业板指,2023-10-30,50.0001,False,True
399006.SZ,创业板指,2023-12-12,55.6779,False,True
399006.SZ,创业板指,2024-07-11,62.708,False,True
399006.SZ,创业板指,2024-09-02,51.9217,False,True
399006.SZ,创业板指,2025-01-15,53.9635,False,True
399006.SZ,创业板指,2025-04-14,35.6479,True,True
399006.SZ,创业板指,2025-11-27,49.5956,False,True
399006.SZ,创业板指,2026-07-24,32.3989,True,True
399975.SZ,证券公司,2023-06-13,51.2738,False,True
399975.SZ,证券公司,2023-12-12,51.2689,False,True
399975.SZ,证券公司,2023-12-29,43.2245,False,True
399975.SZ,证券公司,2024-06-17,53.9767,False,True
399975.SZ,证券公司,2024-07-12,44.9932,False,True
399975.SZ,证券公司,2024-09-02,58.0308,False,True
399975.SZ,证券公司,2025-01-15,43.1763,False,True
399975.SZ,证券公司,2025-04-14,39.8099,True,True
399975.SZ,证券公司,2025-09-12,50.0053,False,True
399975.SZ,证券公司,2025-11-28,42.5164,False,True
399975.SZ,证券公司,2026-03-11,42.2468,False,True
399975.SZ,证券公司,2026-04-09,24.8696,True,True
H30184.CSI,半导体,2023-05-17,57.5236,False,True
H30184.CSI,半导体,2023-08-30,52.6595,False,True
H30184.CSI,半导体,2023-10-10,58.7094,False,True
H30184.CSI,半导体,2023-10-30,68.1755,False,True
H30184.CSI,半导体,2023-12-29,53.315,False,True
H30184.CSI,半导体,2024-02-07,32.3746,True,True
H30184.CSI,半导体,2024-09-02,62.2674,False,True
H30184.CSI,半导体,2024-09-25,63.0819,False,True
H30184.CSI,半导体,2025-04-14,47.4895,False,True
H30184.CSI,半导体,2025-06-04,43.0862,False,True
H30184.CSI,半导体,2025-11-28,51.2071,False,True
950162.CSI,科创芯片设计,2023-01-05,,False,False
950162.CSI,科创芯片设计,2023-05-17,,False,False
950162.CSI,科创芯片设计,2023-08-03,,False,False
950162.CSI,科创芯片设计,2023-08-30,,False,False
950162.CSI,科创芯片设计,2023-10-11,,False,False
950162.CSI,科创芯片设计,2023-10-30,,False,False
950162.CSI,科创芯片设计,2024-01-02,,False,False
950162.CSI,科创芯片设计,2024-02-07,,False,False
950162.CSI,科创芯片设计,2024-07-10,,False,False
950162.CSI,科创芯片设计,2024-09-02,,False,False
950162.CSI,科创芯片设计,2024-09-25,,False,False
950162.CSI,科创芯片设计,2025-06-04,43.9797,False,True
950162.CSI,科创芯片设计,2025-10-24,58.9658,False,True
950162.CSI,科创芯片设计,2025-11-27,43.1156,False,True
950162.CSI,科创芯片设计,2026-07-24,34.8497,True,True
931743.CSI,半导体材料设备,2023-08-30,49.0212,False,True
931743.CSI,半导体材料设备,2023-09-27,48.1628,False,True
931743.CSI,半导体材料设备,2024-02-07,34.8231,True,True
931743.CSI,半导体材料设备,2024-08-30,72.6987,False,True
931743.CSI,半导体材料设备,2024-09-25,52.7191,False,True
931743.CSI,半导体材料设备,2024-12-23,59.0854,False,True
931743.CSI,半导体材料设备,2025-01-09,42.8136,False,True
931743.CSI,半导体材料设备,2025-11-28,58.9165,False,True
931743.CSI,半导体材料设备,2026-03-30,53.1937,False,True
980022.SZ,机器人产业,2023-08-02,61.1633,False,True
980022.SZ,机器人产业,2023-08-30,41.4216,False,True
980022.SZ,机器人产业,2023-09-25,43.6759,False,True
980022.SZ,机器人产业,2023-10-30,47.6786,False,True
980022.SZ,机器人产业,2023-12-29,50.0477,False,True
980022.SZ,机器人产业,2024-04-25,40.1038,False,True
980022.SZ,机器人产业,2024-08-29,55.6824,False,True
980022.SZ,机器人产业,2025-04-14,43.4273,False,True
980022.SZ,机器人产业,2025-06-06,49.1564,False,True
980022.SZ,机器人产业,2025-11-27,39.6485,True,True
980022.SZ,机器人产业,2026-02-09,41.3579,False,True
980022.SZ,机器人产业,2026-03-30,40.9743,False,True
980022.SZ,机器人产业,2026-08-03,41.3304,False,True
399997.SZ,中证白酒,2023-03-22,52.4444,False,True
399997.SZ,中证白酒,2023-05-23,37.8761,True,True
399997.SZ,中证白酒,2023-08-25,55.0558,False,True
399997.SZ,中证白酒,2023-10-26,46.755,False,True
399997.SZ,中证白酒,2023-12-22,36.5843,True,True
399997.SZ,中证白酒,2024-07-12,41.6036,False,True
399997.SZ,中证白酒,2024-09-24,48.2131,False,True
399997.SZ,中证白酒,2024-11-29,67.6008,False,True
399997.SZ,中证白酒,2025-01-15,49.6303,False,True
399997.SZ,中证白酒,2025-05-09,54.5622,False,True
399997.SZ,中证白酒,2025-06-20,41.4661,False,True
399997.SZ,中证白酒,2025-10-15,39.5042,True,True
399997.SZ,中证白酒,2025-11-03,56.9921,False,True
399997.SZ,中证白酒,2025-12-01,48.8617,False,True
399997.SZ,中证白酒,2025-12-16,42.569,False,True
399997.SZ,中证白酒,2026-01-30,41.4122,False,True
399997.SZ,中证白酒,2026-03-11,37.6752,True,True
399997.SZ,中证白酒,2026-05-28,35.8505,True,True
399997.SZ,中证白酒,2026-07-14,44.6288,False,True
399997.SZ,中证白酒,2026-09-02,68.3334,False,True
399989.SZ,中证医疗,2023-03-23,54.8742,False,True
399989.SZ,中证医疗,2023-06-14,41.4247,False,True
399989.SZ,中证医疗,2023-08-29,45.6776,False,True
399989.SZ,中证医疗,2023-12-29,57.7412,False,True
399989.SZ,中证医疗,2024-02-07,50.5954,False,True
399989.SZ,中证医疗,2024-04-02,46.581,False,True
399989.SZ,中证医疗,2024-04-23,49.2946,False,True
399989.SZ,中证医疗,2024-06-05,66.2701,False,True
399989.SZ,中证医疗,2024-07-11,42.2563,False,True
399989.SZ,中证医疗,2024-08-30,61.3537,False,True
399989.SZ,中证医疗,2025-01-15,49.1965,False,True
399989.SZ,中证医疗,2025-11-28,42.4622,False,True
399989.SZ,中证医疗,2026-03-30,41.9766,False,True
399989.SZ,中证医疗,2026-06-15,40.8095,False,True
000819.SH,有色金属,2023-02-22,48.0908,False,True
000819.SH,有色金属,2023-03-23,61.8091,False,True
000819.SH,有色金属,2023-06-05,31.8598,True,True
000819.SH,有色金属,2023-08-30,49.9386,False,True
000819.SH,有色金属,2023-10-13,55.2455,False,True
000819.SH,有色金属,2023-10-30,55.364,False,True
000819.SH,有色金属,2023-11-16,53.18,False,True
000819.SH,有色金属,2023-12-07,46.0202,False,True
000819.SH,有色金属,2023-12-25,50.6121,False,True
000819.SH,有色金属,2024-07-01,58.5966,False,True
000819.SH,有色金属,2024-08-01,56.6524,False,True
000819.SH,有色金属,2024-09-18,53.6891,False,True
000819.SH,有色金属,2025-01-08,36.9419,True,True
000819.SH,有色金属,2025-04-14,38.0236,True,True
000819.SH,有色金属,2026-03-30,51.3872,False,True
399967.SZ,中证军工,2023-08-30,43.7372,False,True
399967.SZ,中证军工,2023-10-10,46.4425,False,True
399967.SZ,中证军工,2023-10-27,47.3857,False,True
399967.SZ,中证军工,2023-12-13,47.9439,False,True
399967.SZ,中证军工,2024-01-26,32.2038,True,True
399967.SZ,中证军工,2024-07-01,67.2248,False,True
399967.SZ,中证军工,2024-08-30,63.023,False,True
399967.SZ,中证军工,2024-09-25,72.8691,False,True
399967.SZ,中证军工,2025-04-14,39.8772,True,True
399967.SZ,中证军工,2025-11-25,37.7933,True,True
399967.SZ,中证军工,2026-03-30,46.0192,False,True
399967.SZ,中证军工,2026-06-15,35.7283,True,True
399967.SZ,中证军工,2026-07-24,35.2838,True,True
930997.CSI,新能源车,2023-03-22,47.111,False,True
930997.CSI,新能源车,2023-06-05,42.5043,False,True
930997.CSI,新能源车,2023-08-30,50.5896,False,True
930997.CSI,新能源车,2023-10-13,44.6499,False,True
930997.CSI,新能源车,2023-10-30,54.449,False,True
930997.CSI,新能源车,2023-12-11,44.8317,False,True
930997.CSI,新能源车,2024-02-07,38.6712,True,True
930997.CSI,新能源车,2024-07-12,61.6723,False,True
930997.CSI,新能源车,2024-08-30,75.5558,False,True
930997.CSI,新能源车,2025-04-14,38.7031,True,True
930997.CSI,新能源车,2026-06-15,48.1523,False,True
930997.CSI,新能源车,2026-07-24,39.0584,True,True
000932.SH,主要消费,2023-05-23,35.4276,True,True
000932.SH,主要消费,2023-08-28,52.9878,False,True
000932.SH,主要消费,2023-10-26,40.7558,False,True
000932.SH,主要消费,2023-12-26,38.1851,True,True
000932.SH,主要消费,2024-07-12,47.4244,False,True
000932.SH,主要消费,2024-09-24,48.1281,False,True
000932.SH,主要消费,2024-11-29,65.0411,False,True
000932.SH,主要消费,2025-01-15,48.2806,False,True
000932.SH,主要消费,2025-02-12,57.9284,False,True
000932.SH,主要消费,2025-05-08,58.1407,False,True
000932.SH,主要消费,2025-07-04,62.5558,False,True
000932.SH,主要消费,2025-10-10,43.519,False,True
000932.SH,主要消费,2025-11-03,49.0004,False,True
000932.SH,主要消费,2025-12-01,42.6081,False,True
000932.SH,主要消费,2025-12-16,39.4367,True,True
000932.SH,主要消费,2026-01-30,31.802,True,True
000932.SH,主要消费,2026-03-09,35.3792,True,True
000932.SH,主要消费,2026-06-01,39.6609,True,True
399986.SZ,中证银行,2023-07-03,62.8819,False,True
399986.SZ,中证银行,2023-12-12,47.8373,False,True
399986.SZ,中证银行,2024-06-20,61.1079,False,True
399986.SZ,中证银行,2024-08-13,63.0818,False,True
399986.SZ,中证银行,2024-09-20,46.837,False,True
399986.SZ,中证银行,2024-11-06,67.0256,False,True
399986.SZ,中证银行,2025-08-05,50.8431,False,True
399986.SZ,中证银行,2025-12-19,29.383,True,True
399986.SZ,中证银行,2026-01-30,34.6279,True,True
399986.SZ,中证银行,2026-06-01,56.7372,False,True
399986.SZ,中证银行,2026-07-07,36.0411,True,True
399998.SZ,中证煤炭,2023-02-21,39.3238,True,True
399998.SZ,中证煤炭,2023-03-23,38.5914,True,True
399998.SZ,中证煤炭,2023-06-07,33.2132,True,True
399998.SZ,中证煤炭,2023-07-26,42.1808,False,True
399998.SZ,中证煤炭,2024-01-26,73.7749,False,True
399998.SZ,中证煤炭,2024-04-02,58.519,False,True
399998.SZ,中证煤炭,2024-07-02,47.0629,False,True
399998.SZ,中证煤炭,2024-08-08,34.8108,True,True
399998.SZ,中证煤炭,2024-12-30,44.1355,False,True
399998.SZ,中证煤炭,2025-01-17,35.8955,True,True
399998.SZ,中证煤炭,2025-02-27,44.5103,False,True
399998.SZ,中证煤炭,2025-05-08,48.2434,False,True
399998.SZ,中证煤炭,2025-07-02,66.347,False,True
399998.SZ,中证煤炭,2025-12-23,52.0143,False,True
399998.SZ,中证煤炭,2026-07-03,37.1596,True,True
000015.SH,上证红利,2023-05-31,28.6572,True,True
000015.SH,上证红利,2023-06-30,32.9124,True,True
000015.SH,上证红利,2023-08-18,49.1462,False,True
000015.SH,上证红利,2023-10-17,68.42,False,True
000015.SH,上证红利,2024-01-03,72.217,False,True
000015.SH,上证红利,2024-08-01,46.9718,False,True
000015.SH,上证红利,2024-09-20,43.3486,False,True
000015.SH,上证红利,2025-01-17,41.0356,False,True
000015.SH,上证红利,2025-10-10,35.2201,True,True
000015.SH,上证红利,2025-12-01,41.1143,False,True
000015.SH,上证红利,2025-12-19,34.8737,True,True
000015.SH,上证红利,2026-05-29,46.2375,False,True
000015.SH,上证红利,2026-07-03,26.0343,True,True
H30269.CSI,红利低波,2023-05-31,28.6428,True,True
H30269.CSI,红利低波,2023-07-03,51.4352,False,True
H30269.CSI,红利低波,2023-08-23,47.4663,False,True
H30269.CSI,红利低波,2024-08-02,50.1908,False,True
H30269.CSI,红利低波,2024-09-20,42.8049,False,True
H30269.CSI,红利低波,2025-01-17,48.016,False,True
H30269.CSI,红利低波,2025-12-01,38.0531,True,True
H30269.CSI,红利低波,2025-12-19,33.1652,True,True
H30269.CSI,红利低波,2026-01-23,20.8504,True,True
H30269.CSI,红利低波,2026-06-01,49.156,False,True
H30269.CSI,红利低波,2026-07-07,29.8353,True,True
H30269.CSI,红利低波,2026-08-19,72.0968,False,True
000987.SH,全指原材料,2023-03-23,57.9192,False,True
000987.SH,全指原材料,2023-06-05,26.6693,True,True
000987.SH,全指原材料,2023-08-30,57.156,False,True
000987.SH,全指原材料,2023-10-26,35.7834,True,True
000987.SH,全指原材料,2023-12-25,51.7244,False,True
000987.SH,全指原材料,2024-07-01,58.0626,False,True
000987.SH,全指原材料,2024-08-01,54.4433,False,True
000987.SH,全指原材料,2024-08-30,60.3245,False,True
000987.SH,全指原材料,2024-12-27,51.9191,False,True
000987.SH,全指原材料,2025-04-14,37.4729,True,True
000987.SH,全指原材料,2026-03-30,52.2758,False,True
000987.SH,全指原材料,2026-06-15,45.4845,False,True
000987.SH,全指原材料,2026-07-23,45.6629,False,True
000989.SH,全指可选消费,2023-01-05,67.0065,False,True
000989.SH,全指可选消费,2023-03-22,48.5736,False,True
000989.SH,全指可选消费,2023-05-12,36.4751,True,True
000989.SH,全指可选消费,2023-08-30,63.7894,False,True
000989.SH,全指可选消费,2023-12-29,46.2437,False,True
000989.SH,全指可选消费,2024-06-04,71.0303,False,True
000989.SH,全指可选消费,2024-07-10,44.1259,False,True
000989.SH,全指可选消费,2024-07-31,54.7338,False,True
000989.SH,全指可选消费,2024-08-20,48.7576,False,True
000989.SH,全指可选消费,2024-12-02,66.0713,False,True
000989.SH,全指可选消费,2025-06-25,50.911,False,True
000989.SH,全指可选消费,2026-03-11,38.8043,True,True
000989.SH,全指可选消费,2026-03-30,31.4074,True,True
000989.SH,全指可选消费,2026-07-03,34.576,True,True
000991.SH,全指医药,2023-03-24,53.0576,False,True
000991.SH,全指医药,2023-06-15,50.5787,False,True
000991.SH,全指医药,2023-08-14,44.4299,False,True
000991.SH,全指医药,2023-12-29,62.9824,False,True
000991.SH,全指医药,2024-02-07,46.0715,False,True
000991.SH,全指医药,2024-04-02,47.2917,False,True
000991.SH,全指医药,2024-06-05,64.0084,False,True
000991.SH,全指医药,2024-07-15,44.0048,False,True
000991.SH,全指医药,2024-08-30,63.2348,False,True
000991.SH,全指医药,2024-09-25,63.2284,False,True
000991.SH,全指医药,2025-01-15,43.095,False,True
000991.SH,全指医药,2025-09-30,61.7083,False,True
000991.SH,全指医药,2026-03-10,38.4446,True,True
000991.SH,全指医药,2026-06-15,42.0122,False,True
000993.SH,全指信息,2023-05-19,55.4225,False,True
000993.SH,全指信息,2023-08-30,51.4787,False,True
000993.SH,全指信息,2023-09-25,44.0756,False,True
000993.SH,全指信息,2023-10-30,63.3441,False,True
000993.SH,全指信息,2023-12-12,56.6001,False,True
000993.SH,全指信息,2023-12-29,54.5216,False,True
000993.SH,全指信息,2024-01-26,28.5543,True,True
000993.SH,全指信息,2024-09-02,60.2007,False,True
000993.SH,全指信息,2024-09-23,53.8198,False,True
000993.SH,全指信息,2025-04-14,39.1935,True,True
000993.SH,全指信息,2025-06-04,42.1588,False,True
000993.SH,全指信息,2025-11-28,51.2275,False,True
000993.SH,全指信息,2026-04-08,44.9959,False,True
000994.CSI,全指通信服务,2023-08-30,53.8755,False,True
000994.CSI,全指通信服务,2023-09-25,51.2472,False,True
000994.CSI,全指通信服务,2023-10-30,45.6013,False,True
000994.CSI,全指通信服务,2023-12-29,46.405,False,True
000994.CSI,全指通信服务,2024-08-01,67.4722,False,True
000994.CSI,全指通信服务,2024-08-16,56.426,False,True
000994.CSI,全指通信服务,2024-11-29,65.1118,False,True
000994.CSI,全指通信服务,2025-04-14,36.5194,True,True
000994.CSI,全指通信服务,2026-07-10,37.7946,True,True
000995.CSI,全指公用,2023-01-30,52.3426,False,True
000995.CSI,全指公用,2023-04-03,55.8574,False,True
000995.CSI,全指公用,2023-08-01,74.2335,False,True
000995.CSI,全指公用,2023-10-17,63.948,False,True
000995.CSI,全指公用,2024-08-15,60.1488,False,True
000995.CSI,全指公用,2024-09-20,47.8602,False,True
000995.CSI,全指公用,2025-01-17,29.3311,True,True
000995.CSI,全指公用,2025-03-13,45.0652,False,True
000995.CSI,全指公用,2025-09-29,54.8753,False,True
000995.CSI,全指公用,2025-11-28,52.7225,False,True
000995.CSI,全指公用,2026-07-02,35.309,True,True
931775.CSI,房地产,2023-01-05,62.2205,False,True
931775.CSI,房地产,2023-03-20,37.8245,True,True
931775.CSI,房地产,2023-05-05,39.7314,True,True
931775.CSI,房地产,2023-05-31,27.1694,True,True
931775.CSI,房地产,2023-08-29,67.941,False,True
931775.CSI,房地产,2023-11-01,47.0696,False,True
931775.CSI,房地产,2023-12-29,38.1425,True,True
931775.CSI,房地产,2024-04-29,66.784,False,True
931775.CSI,房地产,2024-07-02,46.2274,False,True
931775.CSI,房地产,2024-09-02,54.0525,False,True
931775.CSI,房地产,2025-01-15,48.8659,False,True
931775.CSI,房地产,2026-06-15,44.1297,False,True
931775.CSI,房地产,2026-07-06,36.0693,True,True
H30199.CSI,电力公用,2023-01-30,49.2287,False,True
H30199.CSI,电力公用,2023-04-03,55.6422,False,True
H30199.CSI,电力公用,2023-08-01,73.6184,False,True
H30199.CSI,电力公用,2023-10-27,42.27,False,True
H30199.CSI,电力公用,2024-07-01,74.0436,False,True
H30199.CSI,电力公用,2024-08-15,59.2459,False,True
H30199.CSI,电力公用,2024-09-20,48.253,False,True
H30199.CSI,电力公用,2025-01-17,28.4562,True,True
H30199.CSI,电力公用,2025-03-13,45.5751,False,True
H30199.CSI,电力公用,2025-09-29,56.7723,False,True
H30199.CSI,电力公用,2025-11-28,51.3396,False,True
H30199.CSI,电力公用,2026-07-03,36.5727,True,True
931994.CSI,电网设备,2025-04-14,28.8604,True,True
931994.CSI,电网设备,2025-11-28,56.6784,False,True
931994.CSI,电网设备,2026-03-26,53.7955,False,True
931994.CSI,电网设备,2026-07-24,37.4951,True,True
H30198.CSI,油气产业,2023-12-25,46.0145,False,True
H30198.CSI,油气产业,2024-08-01,48.6314,False,True
H30198.CSI,油气产业,2024-09-20,50.6024,False,True
H30198.CSI,油气产业,2025-03-03,36.7122,True,True
H30198.CSI,油气产业,2025-04-14,25.2173,True,True
H30198.CSI,油气产业,2026-04-03,61.6928,False,True
H30198.CSI,油气产业,2026-06-16,30.6964,True,True
930606.CSI,中证钢铁,2023-04-03,52.4575,False,True
930606.CSI,中证钢铁,2023-06-05,42.5645,False,True
930606.CSI,中证钢铁,2023-10-26,49.5311,False,True
930606.CSI,中证钢铁,2023-12-29,55.1194,False,True
930606.CSI,中证钢铁,2024-01-26,47.5194,False,True
930606.CSI,中证钢铁,2024-07-01,40.9331,False,True
930606.CSI,中证钢铁,2024-08-30,50.6235,False,True
930606.CSI,中证钢铁,2024-09-20,47.0207,False,True
930606.CSI,中证钢铁,2025-01-15,45.2029,False,True
930606.CSI,中证钢铁,2025-06-10,55.5928,False,True
930606.CSI,中证钢铁,2025-09-10,53.539,False,True
930606.CSI,中证钢铁,2026-03-30,46.555,False,True
930606.CSI,中证钢铁,2026-06-15,44.2365,False,True
930606.CSI,中证钢铁,2026-07-03,32.4007,True,True
000813.CSI,细分化工,2023-03-23,49.1915,False,True
000813.CSI,细分化工,2023-06-05,27.9076,True,True
000813.CSI,细分化工,2023-08-30,60.1329,False,True
000813.CSI,细分化工,2023-10-30,59.364,False,True
000813.CSI,细分化工,2023-12-12,51.7379,False,True
000813.CSI,细分化工,2024-01-26,38.3604,True,True
000813.CSI,细分化工,2024-07-12,54.7433,False,True
000813.CSI,细分化工,2024-08-09,39.0193,True,True
000813.CSI,细分化工,2024-08-29,59.3084,False,True
000813.CSI,细分化工,2025-01-15,46.8159,False,True
000813.CSI,细分化工,2025-04-14,30.4297,True,True
000813.CSI,细分化工,2026-06-15,46.7748,False,True
000813.CSI,细分化工,2026-07-23,44.6272,False,True
931009.CSI,建筑材料,2023-01-05,69.7903,False,True
931009.CSI,建筑材料,2023-03-23,58.6047,False,True
931009.CSI,建筑材料,2023-05-05,54.4647,False,True
931009.CSI,建筑材料,2023-06-05,26.967,True,True
931009.CSI,建筑材料,2023-08-30,72.7479,False,True
931009.CSI,建筑材料,2023-10-26,27.567,True,True
931009.CSI,建筑材料,2023-12-15,50.9357,False,True
931009.CSI,建筑材料,2024-04-02,72.2899,False,True
931009.CSI,建筑材料,2024-07-15,57.6228,False,True
931009.CSI,建筑材料,2024-09-19,50.6512,False,True
931009.CSI,建筑材料,2025-01-16,58.3944,False,True
931009.CSI,建筑材料,2025-04-14,46.5054,False,True
931009.CSI,建筑材料,2026-03-30,50.0238,False,True
931009.CSI,建筑材料,2026-06-17,42.4979,False,True
931009.CSI,建筑材料,2026-07-28,41.8205,False,True
931752.CSI,工程机械,2023-12-22,45.9745,False,True
931752.CSI,工程机械,2024-07-12,41.8306,False,True
931752.CSI,工程机械,2024-08-01,43.824,False,True
931752.CSI,工程机械,2025-04-14,41.818,False,True
931752.CSI,工程机械,2025-11-27,47.8046,False,True
931752.CSI,工程机械,2026-03-30,38.1099,True,True
931752.CSI,工程机械,2026-07-24,48.0565,False,True
931752.CSI,工程机械,2026-08-31,54.7882,False,True
399995.SZ,基建工程,2023-01-03,47.5686,False,True
399995.SZ,基建工程,2023-04-06,71.6679,False,True
399995.SZ,基建工程,2023-05-31,46.8927,False,True
399995.SZ,基建工程,2023-08-31,43.3048,False,True
399995.SZ,基建工程,2023-10-26,32.3315,True,True
399995.SZ,基建工程,2023-12-29,48.3785,False,True
399995.SZ,基建工程,2024-06-19,69.4763,False,True
399995.SZ,基建工程,2024-09-20,45.7203,False,True
399995.SZ,基建工程,2025-01-16,38.4545,True,True
399995.SZ,基建工程,2025-04-14,33.8432,True,True
399995.SZ,基建工程,2025-11-28,42.4211,False,True
399995.SZ,基建工程,2026-06-15,43.9598,False,True
H30171.CSI,全指运输,2024-01-02,40.7638,False,True
H30171.CSI,全指运输,2024-09-20,55.9062,False,True
H30171.CSI,全指运输,2025-01-16,39.9748,True,True
H30171.CSI,全指运输,2025-12-02,29.4966,True,True
H30171.CSI,全指运输,2026-06-15,36.8926,True,True
980028.SZ,龙头家电,2023-03-23,54.518,False,True
980028.SZ,龙头家电,2023-05-19,53.9117,False,True
980028.SZ,龙头家电,2023-08-29,60.2871,False,True
980028.SZ,龙头家电,2023-09-25,67.1899,False,True
980028.SZ,龙头家电,2023-10-30,53.8023,False,True
980028.SZ,龙头家电,2024-03-28,79.2728,False,True
980028.SZ,龙头家电,2024-07-12,53.3339,False,True
980028.SZ,龙头家电,2024-08-26,58.6644,False,True
980028.SZ,龙头家电,2024-12-02,58.4101,False,True
980028.SZ,龙头家电,2025-04-14,22.5042,True,True
980028.SZ,龙头家电,2025-06-26,51.7167,False,True
980028.SZ,龙头家电,2026-07-01,34.3168,True,True
399971.SZ,中证传媒,2023-05-30,55.9376,False,True
399971.SZ,中证传媒,2023-08-02,56.6868,False,True
399971.SZ,中证传媒,2023-09-25,42.1321,False,True
399971.SZ,中证传媒,2023-10-30,54.455,False,True
399971.SZ,中证传媒,2024-01-02,42.9429,False,True
399971.SZ,中证传媒,2024-04-29,62.2477,False,True
399971.SZ,中证传媒,2025-01-15,54.312,False,True
399971.SZ,中证传媒,2025-04-14,45.2883,False,True
399971.SZ,中证传媒,2025-10-24,36.008,True,True
399971.SZ,中证传媒,2026-03-10,40.0342,False,True
399971.SZ,中证传媒,2026-03-30,44.4326,False,True
399971.SZ,中证传媒,2026-07-03,38.9174,True,True
399971.SZ,中证传媒,2026-08-28,54.3781,False,True
930633.CSI,中证旅游,2023-03-22,47.816,False,True
930633.CSI,中证旅游,2023-06-05,34.7879,True,True
930633.CSI,中证旅游,2023-09-01,47.1039,False,True
930633.CSI,中证旅游,2023-10-26,31.6137,True,True
930633.CSI,中证旅游,2023-12-29,40.4082,False,True
930633.CSI,中证旅游,2024-07-01,53.8152,False,True
930633.CSI,中证旅游,2024-09-02,58.2527,False,True
930633.CSI,中证旅游,2025-01-15,43.5719,False,True
930633.CSI,中证旅游,2025-05-09,39.6923,True,True
930633.CSI,中证旅游,2025-10-16,37.5971,True,True
930633.CSI,中证旅游,2025-12-02,62.2924,False,True
930633.CSI,中证旅游,2026-03-30,39.2081,True,True
930633.CSI,中证旅游,2026-06-01,37.624,True,True
930633.CSI,中证旅游,2026-07-03,28.7979,True,True
000933.SH,医药卫生,2023-03-24,54.505,False,True
000933.SH,医药卫生,2023-06-15,51.6182,False,True
000933.SH,医药卫生,2023-08-14,45.3691,False,True
000933.SH,医药卫生,2023-12-29,60.4817,False,True
000933.SH,医药卫生,2024-02-07,45.4535,False,True
000933.SH,医药卫生,2024-04-02,45.3046,False,True
000933.SH,医药卫生,2024-06-05,62.6638,False,True
000933.SH,医药卫生,2024-07-11,40.219,False,True
000933.SH,医药卫生,2024-08-30,63.4991,False,True
000933.SH,医药卫生,2024-09-25,66.3885,False,True
000933.SH,医药卫生,2025-01-15,43.0647,False,True
000933.SH,医药卫生,2026-03-10,39.0872,True,True
000933.SH,医药卫生,2026-06-15,41.6142,False,True
930641.CSI,中证中药,2023-01-04,44.865,False,True
930641.CSI,中证中药,2023-06-30,48.84,False,True
930641.CSI,中证中药,2023-07-18,43.9324,False,True
930641.CSI,中证中药,2023-12-29,55.2234,False,True
930641.CSI,中证中药,2024-06-05,53.7755,False,True
930641.CSI,中证中药,2024-07-15,41.3593,False,True
930641.CSI,中证中药,2024-08-30,62.8625,False,True
930641.CSI,中证中药,2024-09-23,43.4305,False,True
930641.CSI,中证中药,2025-01-17,50.3032,False,True
930641.CSI,中证中药,2025-03-04,48.5271,False,True
930641.CSI,中证中药,2025-10-10,47.398,False,True
930641.CSI,中证中药,2025-12-22,45.7006,False,True
930641.CSI,中证中药,2026-06-01,37.69,True,True
930641.CSI,中证中药,2026-07-02,29.0118,True,True
930641.CSI,中证中药,2026-08-28,69.7398,False,True
931152.CSI,创新药,2023-02-13,64.2398,False,True
931152.CSI,创新药,2023-03-23,55.874,False,True
931152.CSI,创新药,2023-06-15,52.6971,False,True
931152.CSI,创新药,2023-08-29,50.6262,False,True
931152.CSI,创新药,2023-12-29,65.2392,False,True
931152.CSI,创新药,2024-02-07,36.6392,True,True
931152.CSI,创新药,2024-04-26,61.8383,False,True
931152.CSI,创新药,2024-06-05,53.8257,False,True
931152.CSI,创新药,2024-07-11,43.287,False,True
931152.CSI,创新药,2024-08-29,66.4437,False,True
931152.CSI,创新药,2025-01-15,49.1973,False,True
931152.CSI,创新药,2026-03-09,22.3709,True,True
931152.CSI,创新药,2026-06-15,43.3839,False,True
930726.CSI,生物医药,2023-02-13,64.8752,False,True
930726.CSI,生物医药,2023-03-23,55.4685,False,True
930726.CSI,生物医药,2023-06-14,49.7859,False,True
930726.CSI,生物医药,2023-08-14,48.163,False,True
930726.CSI,生物医药,2023-12-29,69.3481,False,True
930726.CSI,生物医药,2024-02-07,42.3116,False,True
930726.CSI,生物医药,2024-04-25,40.5119,False,True
930726.CSI,生物医药,2024-06-05,55.3557,False,True
930726.CSI,生物医药,2024-07-11,41.1607,False,True
930726.CSI,生物医药,2024-08-30,60.9711,False,True
930726.CSI,生物医药,2024-09-25,64.7341,False,True
930726.CSI,生物医药,2025-01-15,41.0938,False,True
930726.CSI,生物医药,2026-03-10,35.4024,True,True
930726.CSI,生物医药,2026-06-15,42.571,False,True
H30217.CSI,医疗器械,2023-03-24,54.6354,False,True
H30217.CSI,医疗器械,2023-06-15,48.3601,False,True
H30217.CSI,医疗器械,2023-08-30,40.513,False,True
H30217.CSI,医疗器械,2023-12-29,72.0953,False,True
H30217.CSI,医疗器械,2024-02-07,56.6509,False,True
H30217.CSI,医疗器械,2024-04-23,54.0606,False,True
H30217.CSI,医疗器械,2024-07-15,41.2256,False,True
H30217.CSI,医疗器械,2024-08-30,59.7853,False,True
H30217.CSI,医疗器械,2024-09-25,56.3585,False,True
H30217.CSI,医疗器械,2025-01-15,41.0649,False,True
H30217.CSI,医疗器械,2025-12-18,40.263,False,True
H30217.CSI,医疗器械,2026-06-15,38.2078,True,True
931160.CSI,通信设备,2023-05-18,60.273,False,True
931160.CSI,通信设备,2023-08-30,55.82,False,True
931160.CSI,通信设备,2023-10-30,48.7988,False,True
931160.CSI,通信设备,2023-12-04,51.4434,False,True
931160.CSI,通信设备,2023-12-29,53.3243,False,True
931160.CSI,通信设备,2024-08-01,64.6063,False,True
931160.CSI,通信设备,2024-12-02,67.1965,False,True
931160.CSI,通信设备,2025-04-14,30.2449,True,True
931160.CSI,通信设备,2026-07-10,35.1392,True,True
H30202.CSI,全指软件,2023-08-31,45.934,False,True
H30202.CSI,全指软件,2023-09-25,39.4761,True,True
H30202.CSI,全指软件,2023-10-30,47.2406,False,True
H30202.CSI,全指软件,2023-12-04,52.2762,False,True
H30202.CSI,全指软件,2023-12-29,49.1081,False,True
H30202.CSI,全指软件,2024-01-26,34.0803,True,True
H30202.CSI,全指软件,2024-04-25,38.6561,True,True
H30202.CSI,全指软件,2024-09-02,56.2397,False,True
H30202.CSI,全指软件,2025-04-14,47.7086,False,True
H30202.CSI,全指软件,2025-06-04,46.4394,False,True
H30202.CSI,全指软件,2025-11-27,32.5695,True,True
H30202.CSI,全指软件,2026-02-11,34.5513,True,True
H30202.CSI,全指软件,2026-03-10,42.8161,False,True
H30202.CSI,全指软件,2026-04-09,28.2904,True,True
H30202.CSI,全指软件,2026-06-17,35.2258,True,True
H30202.CSI,全指软件,2026-08-28,62.6674,False,True
930651.CSI,中证计算机,2023-08-30,48.2811,False,True
930651.CSI,中证计算机,2023-09-25,41.3411,False,True
930651.CSI,中证计算机,2023-12-29,48.4488,False,True
930651.CSI,中证计算机,2024-01-26,32.7893,True,True
930651.CSI,中证计算机,2024-08-19,53.2763,False,True
930651.CSI,中证计算机,2025-04-14,46.3493,False,True
930651.CSI,中证计算机,2025-06-04,43.7921,False,True
930651.CSI,中证计算机,2025-06-25,59.6278,False,True
930651.CSI,中证计算机,2025-11-28,44.0962,False,True
930651.CSI,中证计算机,2026-02-11,41.7275,False,True
930651.CSI,中证计算机,2026-04-09,35.7318,True,True
930651.CSI,中证计算机,2026-06-16,39.8975,True,True
000949.CSI,中证农业,2023-06-12,20.8488,True,True
000949.CSI,中证农业,2023-08-28,40.006,False,True
000949.CSI,中证农业,2023-10-26,41.9115,False,True
000949.CSI,中证农业,2023-12-27,63.553,False,True
000949.CSI,中证农业,2024-07-02,49.2791,False,True
000949.CSI,中证农业,2024-08-30,54.5737,False,True
000949.CSI,中证农业,2024-09-25,51.1047,False,True
000949.CSI,中证农业,2025-01-15,41.8065,False,True
000949.CSI,中证农业,2025-11-28,59.4139,False,True
000949.CSI,中证农业,2026-06-15,44.6397,False,True
000949.CSI,中证农业,2026-07-02,31.3953,True,True
930707.CSI,畜牧养殖,2023-02-22,57.0588,False,True
930707.CSI,畜牧养殖,2023-06-09,18.2903,True,True
930707.CSI,畜牧养殖,2023-08-28,36.8305,True,True
930707.CSI,畜牧养殖,2023-10-26,37.6133,True,True
930707.CSI,畜牧养殖,2023-12-27,61.4695,False,True
930707.CSI,畜牧养殖,2024-07-02,50.2202,False,True
930707.CSI,畜牧养殖,2024-09-02,47.8538,False,True
930707.CSI,畜牧养殖,2024-09-25,48.1731,False,True
930707.CSI,畜牧养殖,2025-01-15,44.8733,False,True
930707.CSI,畜牧养殖,2025-11-28,51.632,False,True
930707.CSI,畜牧养殖,2026-06-15,46.1593,False,True
H30588.CSI,中证证保,2023-06-09,52.3028,False,True
H30588.CSI,中证证保,2023-12-12,44.7884,False,True
H30588.CSI,中证证保,2023-12-29,41.8196,False,True
H30588.CSI,中证证保,2024-06-17,52.8668,False,True
H30588.CSI,中证证保,2024-07-12,52.5675,False,True
H30588.CSI,中证证保,2025-01-15,39.7892,True,True
H30588.CSI,中证证保,2025-04-14,39.1596,True,True
H30588.CSI,中证证保,2025-09-12,48.6946,False,True
H30588.CSI,中证证保,2025-11-28,42.8275,False,True
H30588.CSI,中证证保,2026-01-30,47.2997,False,True
H30588.CSI,中证证保,2026-03-11,42.8816,False,True
H30588.CSI,中证证保,2026-04-09,24.8239,True,True
H30588.CSI,中证证保,2026-06-15,55.0534,False,True
H30588.CSI,中证证保,2026-08-25,63.6864,False,True
931151.CSI,光伏产业,2023-06-13,32.8637,True,True
931151.CSI,光伏产业,2023-07-31,55.2106,False,True
931151.CSI,光伏产业,2023-08-30,46.111,False,True
931151.CSI,光伏产业,2023-09-27,48.8767,False,True
931151.CSI,光伏产业,2023-10-30,46.7432,False,True
931151.CSI,光伏产业,2023-12-22,47.8337,False,True
931151.CSI,光伏产业,2024-02-07,43.4604,False,True
931151.CSI,光伏产业,2024-04-02,76.8776,False,True
931151.CSI,光伏产业,2024-07-12,49.6537,False,True
931151.CSI,光伏产业,2024-12-25,54.2985,False,True
931151.CSI,光伏产业,2025-04-14,34.1867,True,True
931151.CSI,光伏产业,2025-11-28,59.4968,False,True
931151.CSI,光伏产业,2026-04-10,51.7404,False,True
931151.CSI,光伏产业,2026-06-15,40.186,False,True
931151.CSI,光伏产业,2026-07-24,39.6504,True,True
930598.CSI,稀土产业,2023-03-23,56.6125,False,True
930598.CSI,稀土产业,2023-06-05,39.8202,True,True
930598.CSI,稀土产业,2023-08-30,38.8199,True,True
930598.CSI,稀土产业,2023-10-11,53.8026,False,True
930598.CSI,稀土产业,2023-12-25,49.6858,False,True
930598.CSI,稀土产业,2024-06-17,60.3731,False,True
930598.CSI,稀土产业,2024-08-29,69.391,False,True
930598.CSI,稀土产业,2025-04-14,37.9457,True,True
930598.CSI,稀土产业,2025-06-04,55.9283,False,True
930598.CSI,稀土产业,2025-11-28,51.5624,False,True
930598.CSI,稀土产业,2026-03-30,47.3245,False,True
930598.CSI,稀土产业,2026-07-24,41.2521,False,True
930901.CSI,动漫游戏,2023-08-02,51.0948,False,True
930901.CSI,动漫游戏,2023-09-25,41.8946,False,True
930901.CSI,动漫游戏,2023-10-30,55.7607,False,True
930901.CSI,动漫游戏,2024-01-02,45.2094,False,True
930901.CSI,动漫游戏,2024-04-25,39.5545,True,True
930901.CSI,动漫游戏,2024-06-13,47.3445,False,True
930901.CSI,动漫游戏,2025-01-15,56.254,False,True
930901.CSI,动漫游戏,2025-04-14,44.9933,False,True
930901.CSI,动漫游戏,2025-10-23,32.9854,True,True
930901.CSI,动漫游戏,2025-11-26,40.3757,False,True
930901.CSI,动漫游戏,2026-02-09,42.4654,False,True
930901.CSI,动漫游戏,2026-03-10,28.5219,True,True
930901.CSI,动漫游戏,2026-03-30,39.4431,True,True
930901.CSI,动漫游戏,2026-06-25,43.8649,False,True
930851.CSI,云计算,2023-08-31,46.4969,False,True
930851.CSI,云计算,2023-09-25,46.2803,False,True
930851.CSI,云计算,2023-10-30,47.4455,False,True
930851.CSI,云计算,2023-12-29,49.2518,False,True
930851.CSI,云计算,2024-01-26,37.4336,True,True
930851.CSI,云计算,2024-08-19,56.2358,False,True
930851.CSI,云计算,2025-04-14,43.6924,False,True
930851.CSI,云计算,2025-06-04,46.6736,False,True
930851.CSI,云计算,2026-06-17,40.3561,False,True
931230.CSI,汽车零部件,2023-12-29,62.2865,False,True
931230.CSI,汽车零部件,2024-04-19,58.7136,False,True
931230.CSI,汽车零部件,2024-05-31,58.3543,False,True
931230.CSI,汽车零部件,2024-07-10,39.7866,True,True
931230.CSI,汽车零部件,2024-07-31,46.8795,False,True
931230.CSI,汽车零部件,2024-08-29,57.3157,False,True
931230.CSI,汽车零部件,2025-04-14,34.92,True,True
931230.CSI,汽车零部件,2025-06-25,58.8175,False,True
931230.CSI,汽车零部件,2025-11-27,47.0123,False,True
931230.CSI,汽车零部件,2026-03-30,37.0509,True,True
931230.CSI,汽车零部件,2026-07-31,40.4583,False,True
